state,name,region,fires,acres,window_start,window_end,fires_per_year_in_window,busiest_month,human_share_in_window,cause_missing_share,large_rate,acres_trend_p,acres_trend_tau,structures_destroyed_1999_2020,gap12_acre_share
AK,Alaska,Alaska,15195,36654234.1,1992,2020,524.0,Jun,0.6352,0.0299,0.11787,0.402,0.113,637.0,0.36920634245786765
CA,California,West,251881,20926921.6,1992,2020,8685.6,Jul,0.7272,0.1525,0.01141,0.0146,0.32,58698.0,0.2125126587933017
ID,Idaho,West,42060,15952234.4,1994,2020,1450.6,Aug,0.3875,0.0015,0.05436,0.6496,0.066,1035.0,0.29357452491322106
TX,Texas,South,180087,11910401.5,2008,2020,10252.3,Jul,0.9016,0.0432,0.01836,,,4917.0,0.057419563996187674
NV,Nevada,West,20210,11838387.1,1992,2020,696.9,Jul,0.3751,0.0061,0.06779,0.8965,0.02,608.0,0.14008789473387737
OR,Oregon,West,71449,11338489.3,1992,2020,2463.8,Aug,0.5011,0.0023,0.01805,0.0104,0.335,4463.0,0.22879945174213032
MT,Montana,West,51960,8200551.2,1994,2020,1836.2,Aug,0.5506,0.0401,0.02882,0.6496,0.066,1630.0,0.22275644958574725
AZ,Arizona,West,104956,7832359.4,1992,2020,3619.2,Jul,0.5291,0.1634,0.0147,0.0332,0.281,1094.0,0.32868398057650056
NM,New Mexico,West,43578,7403268.5,1992,2020,1502.7,Jul,0.4238,0.1066,0.03903,0.9555,-0.01,1454.0,0.2617358327917441
WA,Washington,West,40776,6962161.1,1992,2020,1406.1,Jul,0.7146,0.0203,0.02185,0.0007,0.433,2963.0,0.15825303233498753
OK,Oklahoma,South,50189,5812377.0,1992,2020,1730.7,Mar,0.7701,0.187,0.0436,0.0065,0.355,2316.0,0.028727088564784505
FL,Florida,South,103409,5507937.1,1992,2020,3565.8,May,0.7614,0.0038,0.01775,0.4679,0.099,2124.0,0.14465926895800452
UT,Utah,West,36982,5249526.2,1992,2020,1275.2,Jul,0.366,0.0778,0.03191,0.7804,0.039,1258.0,0.11736769019595406
CO,Colorado,West,68629,3414826.7,1992,2011,1711.8,Jul,0.2235,0.1341,0.01303,0.0638,0.305,4351.0,0.18162797347158868
WY,Wyoming,West,20009,3350740.9,1997,2020,688.0,Jul,0.5721,0.0854,0.03609,0.1189,0.232,594.0,0.2202879354959534
SD,South Dakota,Other,36389,1784337.8,1992,2019,1254.1,Jul,0.787,0.026,0.02161,0.7992,0.037,275.0,0.07825660996874807
GA,Georgia,South,185040,1764254.8,1992,2020,6380.7,Mar,0.9479,0.0001,0.00102,0.0685,-0.241,125.33333333333334,0.45411071625285593
KS,Kansas,Other,18576,1396895.4,1994,2012,89.1,Mar,0.7405,0.0191,0.13771,0.0801,0.298,228.0,0.028694202626531357
MS,Mississippi,South,84706,1265883.4,1992,2020,2920.9,Mar,0.8983,0.0946,0.00393,0.0002,-0.468,291.0,0.022642173097602938
MN,Minnesota,Other,51074,1265851.5,1992,2020,1761.2,Apr,0.9728,0.0067,0.01006,0.0482,-0.261,477.0,0.29658252320302586
KY,Kentucky,South,30874,1153968.0,1997,2020,1263.1,Mar,0.8117,0.1804,0.0219,0.0698,-0.268,61.0,0.021786540291312453
NE,Nebraska,Other,11743,1095180.0,2007,2020,737.7,Mar,0.8977,0.0062,0.02053,,,130.0,0.03954021470480951
AL,Alabama,South,74833,1056487.4,1994,2016,3047.9,Mar,0.979,0.0019,0.00389,0.8755,0.028,20.0,0.04217426560020624
NC,North Carolina,South,130165,880726.3,1992,2020,4488.4,Mar,0.8948,0.0867,0.00181,0.0746,-0.236,216.0,0.2408299913547486
LA,Louisiana,South,33129,727787.4,2012,2020,780.2,Mar,0.8173,0.0411,0.00741,,,80.0,0.37512690709647534
AR,Arkansas,South,37947,625594.7,1997,2020,1543.2,Mar,0.7958,0.144,0.00521,0.8637,0.029,262.0,0.07016149256883926
WV,West Virginia,South,25064,621780.4,1992,2020,864.3,Apr,0.988,0.0002,0.01672,0.1846,-0.177,46.0,0.018635261537200645
SC,South Carolina,South,88052,604783.9,2003,2020,2071.2,Mar,0.9629,0.2545,0.0015,0.1751,-0.242,659.0,0.059587100627819675
TN,Tennessee,South,34531,598001.8,2005,2020,1294.5,Mar,0.9371,0.0271,0.00792,0.0001,-0.667,2259.0,0.19498246309241785
MO,Missouri,Other,24510,550235.6,1996,2007,644.2,Mar,0.9357,0.0195,0.01268,,,92.0,0.07427126197913002
ND,North Dakota,Other,20020,491052.1,1992,2020,690.3,Apr,0.9399,0.01,0.01214,0.2878,0.143,98.0,0.16264390441099738
VA,Virginia,South,24542,402194.2,2003,2020,747.1,Mar,0.9485,0.0031,0.00996,0.8814,-0.033,47.0,0.22777107316669773
HI,Hawaii,Hawaii/PR,9970,333033.3,2001,2012,804.4,Jul,0.0045,0.9751,0.01026,,,28.0,0.08272657211474914
NJ,New Jersey,Northeast,32251,171606.7,1992,2020,1112.1,Apr,0.9903,0.0017,0.00214,0.5896,0.074,37.0,0.31737481370626786
MI,Michigan,Other,19127,160151.8,2001,2017,474.5,Apr,0.8761,0.0312,0.00285,0.715,-0.074,340.0,0.20607106750097778
PR,Puerto Rico,Hawaii/PR,22202,139572.3,2013,2020,28.0,Mar,0.9375,0.9865,0.01339,,,1.0,0.0
NY,New York,Northeast,99142,117181.9,1997,2020,4073.0,Apr,0.9247,0.0004,0.00021,0.7128,0.058,55.0,0.06856547170201611
WI,Wisconsin,Other,38191,98716.9,1992,2017,1277.6,Apr,0.976,0.0165,0.00099,0.5122,-0.095,226.0,0.21503341881793428
IA,Iowa,Other,5672,96152.9,1992,2001,11.2,Apr,0.8661,0.3709,0.01786,,,1.0,0.13721096555860338
PA,Pennsylvania,Northeast,12861,77886.3,1992,2001,20.1,Apr,0.9502,0.0009,0.02488,,,83.0,0.07856658054886151
MD,Maryland,Other,4157,73743.3,2005,2020,245.2,Mar,0.858,0.1078,0.01122,0.0064,-0.5,45.0,0.09688950640654986
OH,Ohio,Other,5675,31120.8,2001,2020,271.8,Mar,0.9873,0.0062,0.00184,0.5424,0.105,17.0,0.13988781456257787
ME,Maine,Northeast,16439,27753.7,1996,2019,520.5,Apr,0.7566,0.2396,0.00032,0.0149,-0.355,2.0,0.04742614312768613
IL,Illinois,Other,3022,26708.3,1992,2010,86.7,Mar,0.8931,0.0559,0.00243,0.0032,0.485,0.0,0.14874451604004232
IN,Indiana,Other,2277,19577.1,1992,2020,78.5,Apr,0.9047,0.069,0.00483,0.838,-0.03,1.0,0.2655625546556388
CT,Connecticut,Northeast,6714,13040.9,2005,2012,355.0,Apr,0.9887,0.0581,0.00035,,,0.0,0.03419998865112484
MA,Massachusetts,Northeast,8371,10007.7,1992,2001,7.0,Jul,0.9,0.0135,0.0,,,0.0,0.07824327176190427
NH,New Hampshire,Northeast,3081,5232.4,2000,2010,92.3,Apr,0.9626,0.0019,0.0,,,0.0,0.031856497817181924
DE,Delaware,Other,198,4920.1,2012,2017,10.5,Apr,0.9524,0.298,0.0,,,0.0,0.8186539028281657
VT,Vermont,Northeast,781,2080.0,2002,2010,8.2,Apr,0.7162,0.023,0.0,,,0.0,0.0056109721789336185
RI,Rhode Island,Northeast,787,779.5,2011,2020,54.0,Apr,0.9944,0.0025,0.0,,,0.0,0.08800287356321838
DC,District of Columbia,Other,83,39.3,2005,2020,2.4,Apr,0.9474,0.0,0.0,0.405,0.163,0.0,0.010178117048346057
