STATE,REGION,FIRE_YEAR,fires,acres,coverage_ok,large_fires
AK,Alaska,1992,480,142717.3,True,19.0
AK,Alaska,1993,859,687191.1,True,66.0
AK,Alaska,1994,639,261964.7,True,59.0
AK,Alaska,1995,414,43961.6,True,20.0
AK,Alaska,1996,718,598797.2,True,49.0
AK,Alaska,1997,720,2026144.5,True,70.0
AK,Alaska,1998,408,120782.1,True,11.0
AK,Alaska,1999,482,1005843.69999,True,61.0
AK,Alaska,2000,364,756379.2000000001,True,34.0
AK,Alaska,2001,359,219924.5,True,13.0
AK,Alaska,2002,537,2186646.0,True,63.0
AK,Alaska,2003,478,601674.01,True,31.0
AK,Alaska,2004,694,6591868.60019,True,100.0
AK,Alaska,2005,619,4635898.652,True,133.0
AK,Alaska,2006,301,254513.8,True,19.0
AK,Alaska,2007,513,634466.1,True,71.0
AK,Alaska,2008,369,92477.6,True,26.0
AK,Alaska,2009,513,2949593.97,True,74.0
AK,Alaska,2010,690,1137532.57,True,99.0
AK,Alaska,2011,508,293004.1,True,40.0
AK,Alaska,2012,409,300587.0,True,38.0
AK,Alaska,2013,592,1320759.3,True,84.0
AK,Alaska,2014,393,233601.28,True,12.0
AK,Alaska,2015,771,5138703.66,True,250.0
AK,Alaska,2016,576,501072.75,True,76.0
AK,Alaska,2017,360,653973.2,True,59.0
AK,Alaska,2018,359,411034.95,True,42.0
AK,Alaska,2019,721,2671811.21,True,137.0
AK,Alaska,2020,349,181309.4,True,35.0
AL,South,1992,93,1253.2,False,0.0
AL,South,1993,137,2336.8,False,1.0
AL,South,1994,3452,34664.4,True,4.0
AL,South,1995,4230,38896.6,True,5.0
AL,South,1996,4048,47683.2,True,15.0
AL,South,1997,2591,22055.4,True,4.0
AL,South,1998,3566,35560.6,True,5.0
AL,South,1999,4501,52548.2,True,21.0
AL,South,2000,6266,94067.4,True,25.0
AL,South,2001,3309,39095.1,True,15.0
AL,South,2002,2926,38696.0,True,6.0
AL,South,2003,1819,20653.47,True,1.0
AL,South,2004,3052,46853.04,True,13.0
AL,South,2005,2547,43207.97,True,14.0
AL,South,2006,3947,79549.12,True,21.0
AL,South,2007,3833,56785.19,True,16.0
AL,South,2008,2006,23247.09,True,7.0
AL,South,2009,1370,24875.74,True,5.0
AL,South,2010,2913,42078.47,True,7.0
AL,South,2011,2042,54097.18,True,29.0
AL,South,2012,1747,29156.46,True,4.0
AL,South,2013,1670,29935.41,True,12.0
AL,South,2014,2418,37961.505,True,10.0
AL,South,2015,2074,30833.71,True,10.0
AL,South,2016,3775,57107.92,True,24.0
AL,South,2017,1241,20635.66,False,6.0
AL,South,2018,909,11638.79,False,2.0
AL,South,2019,1569,29199.39,False,18.0
AL,South,2020,782,11814.38,False,4.0
AR,South,1992,128,1478.5,False,1.0
AR,South,1993,151,1760.2,False,0.0
AR,South,1994,167,2303.9,False,0.0
AR,South,1995,240,5190.4,False,2.0
AR,South,1996,224,5286.8,False,3.0
AR,South,1997,1040,11442.4,True,0.0
AR,South,1998,1156,13023.1,True,2.0
AR,South,1999,2224,24032.3,True,3.0
AR,South,2000,2363,29052.5,True,4.0
AR,South,2001,1708,16997.1,True,5.0
AR,South,2002,1474,15770.8,True,2.0
AR,South,2003,1664,25986.17,True,11.0
AR,South,2004,1364,23646.47,True,7.0
AR,South,2005,2296,40433.19,True,11.0
AR,South,2006,2571,67939.81,True,24.0
AR,South,2007,1300,25684.32,True,7.0
AR,South,2008,883,11199.43,True,1.0
AR,South,2009,1076,17775.74,True,2.0
AR,South,2010,2220,34754.71,True,11.0
AR,South,2011,2546,47899.69,True,25.0
AR,South,2012,2351,38848.49,True,20.0
AR,South,2013,847,13298.69,True,6.0
AR,South,2014,1295,21041.61,True,6.0
AR,South,2015,1290,18934.41,True,5.0
AR,South,2016,1386,31294.76,True,15.0
AR,South,2017,1658,37545.48,True,15.0
AR,South,2018,1056,23086.44,True,8.0
AR,South,2019,623,7838.12,True,1.0
AR,South,2020,646,12049.2,True,2.0
AZ,West,1992,3494,42593.65,True,29.0
AZ,West,1993,4636,205566.37,True,113.0
AZ,West,1994,4519,224199.735,True,89.0
AZ,West,1995,4501,262152.58,True,99.0
AZ,West,1996,3761,187400.565,True,31.0
AZ,West,1997,2250,13356.9,True,11.0
AZ,West,1998,2679,27378.8,True,20.0
AZ,West,1999,2736,73799.0,True,27.0
AZ,West,2000,3859,92910.3,True,38.0
AZ,West,2001,3186,35816.74,True,17.0
AZ,West,2002,2917,629739.34,True,40.0
AZ,West,2003,2915,200010.72,True,33.0
AZ,West,2004,2906,229747.83,True,28.0
AZ,West,2005,3689,902847.08999,True,133.0
AZ,West,2006,3315,181501.38,True,61.0
AZ,West,2007,2442,115184.33,True,37.0
AZ,West,2008,1898,113915.38,True,41.0
AZ,West,2009,2452,222084.76,True,73.0
AZ,West,2010,3061,87800.2,True,33.0
AZ,West,2011,3559,1038087.83,True,65.0
AZ,West,2012,3206,229022.02,True,51.0
AZ,West,2013,3083,103408.91,True,29.0
AZ,West,2014,2827,203174.664,True,43.0
AZ,West,2015,3819,155814.27,True,39.0
AZ,West,2016,1787,305315.72,True,77.0
AZ,West,2017,4181,437888.804,True,71.0
AZ,West,2018,9738,166874.987,True,47.0
AZ,West,2019,5810,373563.921,True,68.0
AZ,West,2020,5730,971202.653,True,100.0
CA,West,1992,10831,296439.6,True,117.0
CA,West,1993,8268,321494.9,True,94.0
CA,West,1994,8649,406965.4,True,118.0
CA,West,1995,7381,216068.7,True,98.0
CA,West,1996,9170,707108.9,True,201.0
CA,West,1997,7928,324565.7,True,73.0
CA,West,1998,6861,160008.5,True,62.0
CA,West,1999,8909,804123.2,True,136.0
CA,West,2000,6970,264670.8,True,62.0
CA,West,2001,8163,350140.5,True,85.0
CA,West,2002,7118,515860.0,True,95.0
CA,West,2003,7894,1033343.25,True,119.0
CA,West,2004,7407,300885.27,True,85.0
CA,West,2005,10219,263961.76,True,88.0
CA,West,2006,12038,819105.82,True,146.0
CA,West,2007,13428,1061554.3,True,103.0
CA,West,2008,10594,1433970.54,True,202.0
CA,West,2009,9862,465218.99,True,73.0
CA,West,2010,8304,127905.22,True,52.0
CA,West,2011,8560,192277.92,True,71.0
CA,West,2012,7198,764759.33,True,75.0
CA,West,2013,8722,581410.272,True,60.0
CA,West,2014,6493,547828.57,True,60.0
CA,West,2015,7355,848437.74,True,82.0
CA,West,2016,7882,574862.96,True,70.0
CA,West,2017,9537,1360160.0,True,144.0
CA,West,2018,9488,1635757.6,True,88.0
CA,West,2019,6454,294620.97,True,62.0
CA,West,2020,10198,4253414.89,True,152.0
CO,West,1992,1321,7451.4,True,5.0
CO,West,1993,1244,35555.3,True,9.0
CO,West,1994,2515,70760.6,True,53.0
CO,West,1995,1517,20043.7,True,21.0
CO,West,1996,1405,70040.5,True,23.0
CO,West,1997,722,6038.2,True,1.0
CO,West,1998,765,8379.2,True,8.0
CO,West,1999,756,20313.9,True,13.0
CO,West,2000,1618,131784.1,True,36.0
CO,West,2001,1267,24221.7,True,16.0
CO,West,2002,1222,479123.75,True,51.0
CO,West,2003,2421,45609.91,True,23.0
CO,West,2004,1310,33795.28,True,13.0
CO,West,2005,1875,39413.54,True,27.0
CO,West,2006,1316,45893.76,True,23.0
CO,West,2007,1070,14026.05,True,9.0
CO,West,2008,1015,112023.63,True,19.0
CO,West,2009,952,37723.96,True,17.0
CO,West,2010,2694,51895.06,True,32.0
CO,West,2011,7232,164886.345,True,47.0
CO,West,2012,1106,271263.39,False,31.0
CO,West,2013,3894,162130.23,False,27.0
CO,West,2014,3202,26011.11,False,6.0
CO,West,2015,3088,27334.505,False,15.0
CO,West,2016,4628,128657.22,False,40.0
CO,West,2017,5696,130442.71,False,33.0
CO,West,2018,5373,514977.576,False,64.0
CO,West,2019,3005,40732.785,False,19.0
CO,West,2020,4400,694297.315,False,47.0
CT,Northeast,1992,202,466.05,False,0.0
CT,Northeast,1993,103,401.1,False,0.0
CT,Northeast,1994,290,943.15,False,0.0
CT,Northeast,1995,110,427.4,False,0.0
CT,Northeast,1996,27,66.45,False,0.0
CT,Northeast,1997,83,600.35,False,1.0
CT,Northeast,1998,30,131.9,False,0.0
CT,Northeast,1999,297,1672.46,False,0.0
CT,Northeast,2000,126,492.3,False,0.0
CT,Northeast,2001,207,745.1,False,0.0
CT,Northeast,2002,107,188.66,False,0.0
CT,Northeast,2003,95,137.0,False,0.0
CT,Northeast,2004,87,73.25,False,0.0
CT,Northeast,2005,293,254.75,True,0.0
CT,Northeast,2006,372,433.5,True,0.0
CT,Northeast,2007,331,281.05,True,0.0
CT,Northeast,2008,366,2055.8,True,1.0
CT,Northeast,2009,257,244.83,True,0.0
CT,Northeast,2010,418,456.03,True,0.0
CT,Northeast,2011,227,237.38,True,0.0
CT,Northeast,2012,576,517.3,True,0.0
CT,Northeast,2013,0,0.0,False,0.0
CT,Northeast,2014,0,0.0,False,0.0
CT,Northeast,2015,372,417.5,False,0.0
CT,Northeast,2016,632,930.16,False,1.0
CT,Northeast,2017,331,388.67,False,0.0
CT,Northeast,2018,67,44.55,False,0.0
CT,Northeast,2019,105,67.9,False,0.0
CT,Northeast,2020,603,366.35,False,0.0
DC,Other,1992,3,0.4,False,0.0
DC,Other,1993,7,9.8,False,0.0
DC,Other,1994,4,5.1000000000000005,False,0.0
DC,Other,1995,5,0.6000000000000001,False,0.0
DC,Other,1996,0,0.0,False,0.0
DC,Other,1997,3,0.3,False,0.0
DC,Other,1998,13,4.4,False,0.0
DC,Other,1999,8,2.1,False,0.0
DC,Other,2000,0,0.0,False,0.0
DC,Other,2001,1,0.1,False,0.0
DC,Other,2002,1,1.0,False,0.0
DC,Other,2003,0,0.0,False,0.0
DC,Other,2004,0,0.0,False,0.0
DC,Other,2005,2,0.2,True,0.0
DC,Other,2006,3,0.5,True,0.0
DC,Other,2007,1,0.2,True,0.0
DC,Other,2008,1,0.1,True,0.0
DC,Other,2009,1,0.5,True,0.0
DC,Other,2010,1,0.1,True,0.0
DC,Other,2011,2,0.2,True,0.0
DC,Other,2012,5,4.4,True,0.0
DC,Other,2013,1,0.1,True,0.0
DC,Other,2014,1,0.2,True,0.0
DC,Other,2015,3,2.2,True,0.0
DC,Other,2016,4,0.8,True,0.0
DC,Other,2017,9,4.9,True,0.0
DC,Other,2018,1,0.5,True,0.0
DC,Other,2019,2,0.5,True,0.0
DC,Other,2020,1,0.1,True,0.0
DE,Other,1992,3,124.0,False,0.0
DE,Other,1993,1,1.0,False,0.0
DE,Other,1994,2,96.0,False,0.0
DE,Other,1995,5,2014.4,False,1.0
DE,Other,1996,0,0.0,False,0.0
DE,Other,1997,5,24.6,False,0.0
DE,Other,1998,0,0.0,False,0.0
DE,Other,1999,2,507.0,False,1.0
DE,Other,2000,1,65.0,False,0.0
DE,Other,2001,1,10.5,False,0.0
DE,Other,2002,39,1270.1,False,1.0
DE,Other,2003,21,265.3,False,0.0
DE,Other,2004,27,140.7,False,0.0
DE,Other,2005,14,167.4,False,0.0
DE,Other,2006,0,0.0,False,0.0
DE,Other,2007,2,0.2,False,0.0
DE,Other,2008,0,0.0,False,0.0
DE,Other,2009,0,0.0,False,0.0
DE,Other,2010,1,3.0,False,0.0
DE,Other,2011,0,0.0,False,0.0
DE,Other,2012,19,39.85,True,0.0
DE,Other,2013,9,20.35,True,0.0
DE,Other,2014,3,5.0,True,0.0
DE,Other,2015,16,79.25,True,0.0
DE,Other,2016,9,49.0,True,0.0
DE,Other,2017,7,22.5,True,0.0
DE,Other,2018,0,0.0,False,0.0
DE,Other,2019,6,7.0,False,0.0
DE,Other,2020,5,8.0,False,0.0
FL,South,1992,4222,95279.7,True,62.0
FL,South,1993,4548,79755.2,True,39.0
FL,South,1994,3530,103085.4,True,50.0
FL,South,1995,3186,56682.7,True,17.0
FL,South,1996,4697,107511.5,True,52.0
FL,South,1997,3912,133163.9,True,53.0
FL,South,1998,4813,377720.5,True,132.0
FL,South,1999,5484,413350.0,True,88.0
FL,South,2000,6504,266004.8,True,137.0
FL,South,2001,4891,480111.5,True,147.0
FL,South,2002,3131,61954.9,True,31.0
FL,South,2003,2148,46211.12,True,25.0
FL,South,2004,3610,204098.22,True,67.0
FL,South,2005,2392,39661.57,True,23.0
FL,South,2006,5099,253303.43998,True,78.0
FL,South,2007,4577,547914.93999,True,125.0
FL,South,2008,3100,184477.96,True,52.0
FL,South,2009,3008,144474.14001,True,77.0
FL,South,2010,3291,71298.6,True,29.0
FL,South,2011,5029,331175.8,True,107.0
FL,South,2012,3107,138965.24,True,58.0
FL,South,2013,2163,77107.23,True,32.0
FL,South,2014,2144,156386.41,True,37.0
FL,South,2015,2548,166996.54,True,58.0
FL,South,2016,3052,83810.03,True,42.0
FL,South,2017,3098,449792.97,True,88.0
FL,South,2018,2072,204215.46,True,54.0
FL,South,2019,1938,114471.5,True,36.0
FL,South,2020,2115,118955.8,True,40.0
GA,South,1992,6458,27013.35,True,1.0
GA,South,1993,9111,40515.59,True,4.0
GA,South,1994,6584,25013.89,True,4.0
GA,South,1995,7966,24456.91,True,0.0
GA,South,1996,9872,37975.89,True,2.0
GA,South,1997,7234,21908.14,True,2.0
GA,South,1998,7301,45909.78,True,5.0
GA,South,1999,11138,73112.0,True,20.0
GA,South,2000,10545,63509.71,True,17.0
GA,South,2001,9568,59626.27,True,11.0
GA,South,2002,7801,166881.32,True,6.0
GA,South,2003,4567,11517.38,True,0.0
GA,South,2004,8127,35208.72996,True,7.0
GA,South,2005,6049,19453.99,True,0.0
GA,South,2006,8925,37917.18001,True,4.0
GA,South,2007,8717,327460.01013,True,26.0
GA,South,2008,5807,25892.21998,True,6.0
GA,South,2009,4176,17790.82998,True,3.0
GA,South,2010,5867,23350.45,True,4.0
GA,South,2011,8413,437903.79,True,29.0
GA,South,2012,4949,25434.62,True,7.0
GA,South,2013,3252,14667.35,True,0.0
GA,South,2014,4063,22215.87,True,4.0
GA,South,2015,2355,11389.9,True,2.0
GA,South,2016,5096,86856.76,True,15.0
GA,South,2017,3660,48210.07,True,4.0
GA,South,2018,2574,14237.48,True,3.0
GA,South,2019,3171,13029.47,True,1.0
GA,South,2020,1694,5795.87,True,1.0
HI,Hawaii/PR,1992,77,11161.3,False,5.0
HI,Hawaii/PR,1993,14,2562.0,False,3.0
HI,Hawaii/PR,1994,9,78.6,False,0.0
HI,Hawaii/PR,1995,10,1027.5,False,2.0
HI,Hawaii/PR,1996,8,380.3,False,1.0
HI,Hawaii/PR,1997,12,52.0,False,0.0
HI,Hawaii/PR,1998,26,31675.2,False,11.0
HI,Hawaii/PR,1999,9,15129.5,False,2.0
HI,Hawaii/PR,2000,13,5669.6,False,5.0
HI,Hawaii/PR,2001,566,2352.15,True,3.0
HI,Hawaii/PR,2002,576,7013.7,True,2.0
HI,Hawaii/PR,2003,941,24297.6,True,14.0
HI,Hawaii/PR,2004,687,3901.3,True,3.0
HI,Hawaii/PR,2005,1242,45629.600000000006,True,16.0
HI,Hawaii/PR,2006,789,13496.15,True,12.0
HI,Hawaii/PR,2007,964,39675.15,True,19.0
HI,Hawaii/PR,2008,769,6128.639999999999,True,6.0
HI,Hawaii/PR,2009,817,11825.4,True,5.0
HI,Hawaii/PR,2010,985,15213.82,True,11.0
HI,Hawaii/PR,2011,602,4591.58,True,3.0
HI,Hawaii/PR,2012,715,7987.71,True,5.0
HI,Hawaii/PR,2013,60,761.4,False,1.0
HI,Hawaii/PR,2014,2,0.2,False,0.0
HI,Hawaii/PR,2015,4,4836.6,False,3.0
HI,Hawaii/PR,2016,16,15622.0,False,6.0
HI,Hawaii/PR,2017,22,5217.6,False,4.0
HI,Hawaii/PR,2018,14,26083.0,False,6.0
HI,Hawaii/PR,2019,13,25406.2,False,7.0
HI,Hawaii/PR,2020,8,5257.46,False,2.0
IA,Other,1992,5,85.3,True,0.0
IA,Other,1993,6,30.7,True,0.0
IA,Other,1994,5,105.4,True,0.0
IA,Other,1995,6,57.4,True,0.0
IA,Other,1996,28,1026.4,True,1.0
IA,Other,1997,10,93.0,True,0.0
IA,Other,1998,3,70.0,True,0.0
IA,Other,1999,20,435.6,True,0.0
IA,Other,2000,19,1734.7,True,1.0
IA,Other,2001,10,85.0,True,0.0
IA,Other,2002,51,267.0,False,0.0
IA,Other,2003,50,3333.0,False,3.0
IA,Other,2004,50,1110.5,False,1.0
IA,Other,2005,34,6502.1,False,3.0
IA,Other,2006,442,5371.03,False,3.0
IA,Other,2007,143,841.563,False,0.0
IA,Other,2008,151,1688.46,False,0.0
IA,Other,2009,702,7948.952,False,1.0
IA,Other,2010,199,2404.942,False,0.0
IA,Other,2011,439,7461.4325,False,3.0
IA,Other,2012,457,3984.011,False,1.0
IA,Other,2013,243,2417.32,False,0.0
IA,Other,2014,543,10522.875,False,6.0
IA,Other,2015,517,13914.2781,False,9.0
IA,Other,2016,167,1369.19,False,0.0
IA,Other,2017,402,6873.84,False,3.0
IA,Other,2018,392,8068.1,False,8.0
IA,Other,2019,166,1988.54,False,1.0
IA,Other,2020,412,6362.25,False,2.0
ID,West,1992,2195,684658.9,False,88.0
ID,West,1993,698,7978.2,False,6.0
ID,West,1994,3336,729029.6,True,105.0
ID,West,1995,1432,268681.2,True,74.0
ID,West,1996,1974,896659.9,True,132.0
ID,West,1997,1130,42902.4,True,27.0
ID,West,1998,1758,151299.3,True,50.0
ID,West,1999,1915,416185.72,True,96.0
ID,West,2000,1749,1350786.48,True,138.0
ID,West,2001,1683,192801.62,True,78.0
ID,West,2002,1511,86211.15,True,42.0
ID,West,2003,1656,336103.11,True,95.0
ID,West,2004,1138,19021.8,True,17.0
ID,West,2005,1231,648908.221,True,93.0
ID,West,2006,1888,910786.471,True,130.0
ID,West,2007,1589,2184656.24,True,141.0
ID,West,2008,986,175190.36,True,49.0
ID,West,2009,1198,23907.91,True,21.0
ID,West,2010,1150,643868.16,True,71.0
ID,West,2011,1318,409349.05,True,66.0
ID,West,2012,1190,1776256.39,True,143.0
ID,West,2013,1566,740325.5,True,96.0
ID,West,2014,1215,198892.57,True,39.0
ID,West,2015,1277,791026.11,True,101.0
ID,West,2016,698,369322.77,True,42.0
ID,West,2017,1579,701125.15,True,104.0
ID,West,2018,1094,591385.86,True,78.0
ID,West,2019,941,284557.33,True,45.0
ID,West,2020,965,320356.91000000003,True,56.0
IL,Other,1992,18,235.4,True,0.0
IL,Other,1993,5,29.8,True,0.0
IL,Other,1994,27,383.7,True,0.0
IL,Other,1995,47,993.2,True,0.0
IL,Other,1996,21,149.8,True,0.0
IL,Other,1997,10,13.7,True,0.0
IL,Other,1998,22,165.3,True,0.0
IL,Other,1999,53,497.2,True,0.0
IL,Other,2000,29,597.2,True,0.0
IL,Other,2001,45,531.1,True,0.0
IL,Other,2002,43,100.8,True,0.0
IL,Other,2003,48,1596.95,True,2.0
IL,Other,2004,88,875.61,True,0.0
IL,Other,2005,62,980.55,True,0.0
IL,Other,2006,34,273.2,True,0.0
IL,Other,2007,99,830.9,True,0.0
IL,Other,2008,197,939.89,True,0.0
IL,Other,2009,347,3263.4,True,1.0
IL,Other,2010,452,2608.55,True,1.0
IL,Other,2011,136,2223.53,False,1.0
IL,Other,2012,167,1356.15,False,1.0
IL,Other,2013,169,845.62,False,0.0
IL,Other,2014,227,2422.065,False,0.0
IL,Other,2015,93,1564.8,False,1.0
IL,Other,2016,56,311.31,False,0.0
IL,Other,2017,144,539.01,False,0.0
IL,Other,2018,175,872.6800000000001,False,0.0
IL,Other,2019,83,372.46,False,0.0
IL,Other,2020,125,1134.471,False,0.0
IN,Other,1992,95,247.3,True,0.0
IN,Other,1993,56,464.3,True,1.0
IN,Other,1994,85,577.9,True,0.0
IN,Other,1995,101,881.4,True,0.0
IN,Other,1996,88,495.0,True,0.0
IN,Other,1997,36,83.0,True,0.0
IN,Other,1998,57,175.0,True,0.0
IN,Other,1999,151,764.1999999999999,True,0.0
IN,Other,2000,92,707.9,True,0.0
IN,Other,2001,140,1167.6,True,0.0
IN,Other,2002,123,766.2,True,1.0
IN,Other,2003,155,1424.0,True,1.0
IN,Other,2004,193,785.71,True,1.0
IN,Other,2005,173,575.5,True,0.0
IN,Other,2006,86,987.35,True,2.0
IN,Other,2007,127,2109.01,True,1.0
IN,Other,2008,67,143.4,True,0.0
IN,Other,2009,45,109.1,True,0.0
IN,Other,2010,73,1570.1,True,2.0
IN,Other,2011,26,699.5,True,0.0
IN,Other,2012,57,1042.2,True,1.0
IN,Other,2013,20,741.2,True,1.0
IN,Other,2014,36,132.22,True,0.0
IN,Other,2015,16,673.8,True,0.0
IN,Other,2016,40,651.8,True,0.0
IN,Other,2017,40,410.23,True,0.0
IN,Other,2018,28,231.85,True,0.0
IN,Other,2019,39,598.35,True,0.0
IN,Other,2020,32,362.0,True,0.0
KS,Other,1992,16,251.6,False,0.0
KS,Other,1993,14,1809.3,False,1.0
KS,Other,1994,47,84460.1,True,12.0
KS,Other,1995,30,4537.9,True,4.0
KS,Other,1996,30,147570.4,True,13.0
KS,Other,1997,22,11410.4,True,2.0
KS,Other,1998,31,5207.1,True,3.0
KS,Other,1999,36,6531.6,True,4.0
KS,Other,2000,48,9219.8,True,8.0
KS,Other,2001,69,2662.3,True,2.0
KS,Other,2002,128,65544.0,True,9.0
KS,Other,2003,113,8034.2,True,4.0
KS,Other,2004,78,10179.7,True,3.0
KS,Other,2005,175,22922.5,True,13.0
KS,Other,2006,349,80670.4,True,30.0
KS,Other,2007,196,16736.71,True,10.0
KS,Other,2008,95,81748.2,True,17.0
KS,Other,2009,71,38965.2,True,30.0
KS,Other,2010,40,25108.81,True,21.0
KS,Other,2011,61,100670.11,True,20.0
KS,Other,2012,73,57330.13,True,28.0
KS,Other,2013,14,6867.0,False,1.0
KS,Other,2014,59,36525.8,False,29.0
KS,Other,2015,5885,124270.491,False,62.0
KS,Other,2016,1781,101787.26,False,44.0
KS,Other,2017,3979,193112.02,False,61.0
KS,Other,2018,4033,81467.98,False,50.0
KS,Other,2019,123,17570.96,False,10.0
KS,Other,2020,980,53723.441,False,30.0
KY,South,1992,49,604.5,False,0.0
KY,South,1993,81,843.1,False,0.0
KY,South,1994,178,4660.6,False,2.0
KY,South,1995,180,5863.6,False,3.0
KY,South,1996,72,1117.8,False,0.0
KY,South,1997,675,11612.7,True,0.0
KY,South,1998,957,24966.3,True,11.0
KY,South,1999,1879,125633.8,True,86.0
KY,South,2000,1587,136220.6,True,94.0
KY,South,2001,2061,175179.4,True,129.0
KY,South,2002,1049,25847.4,True,12.0
KY,South,2003,956,19848.8,True,8.0
KY,South,2004,1238,22712.55,True,9.0
KY,South,2005,1767,57942.935,True,36.0
KY,South,2006,1884,53632.32,True,25.0
KY,South,2007,2081,65614.22,True,34.0
KY,South,2008,1563,38915.15,True,16.0
KY,South,2009,1419,43494.91,True,26.0
KY,South,2010,1913,60209.45,True,37.0
KY,South,2011,1032,23874.23,True,11.0
KY,South,2012,1263,32630.53,True,18.0
KY,South,2013,1004,24048.02,True,7.0
KY,South,2014,1447,43086.849996,True,20.0
KY,South,2015,756,19680.02,True,10.0
KY,South,2016,1260,79367.09,True,49.0
KY,South,2017,882,27599.64,True,16.0
KY,South,2018,377,8342.1,True,5.0
KY,South,2019,751,11251.68,True,3.0
KY,South,2020,513,9167.69,True,2.0
LA,South,1992,87,25129.1,False,8.0
LA,South,1993,127,8066.8,False,6.0
LA,South,1994,111,2520.6,False,1.0
LA,South,1995,139,7277.9,False,4.0
LA,South,1996,157,8254.1,False,6.0
LA,South,1997,1361,21649.0,False,7.0
LA,South,1998,2283,34126.2,False,12.0
LA,South,1999,2788,37623.0,False,13.0
LA,South,2000,4234,91109.5,False,42.0
LA,South,2001,976,26577.1,False,8.0
LA,South,2002,1481,24685.3,False,8.0
LA,South,2003,94,17359.8,False,12.0
LA,South,2004,78,15114.5,False,7.0
LA,South,2005,3384,66385.102,False,21.0
LA,South,2006,3131,41984.0,False,15.0
LA,South,2007,63,772.0,False,0.0
LA,South,2008,1438,24321.52732,False,12.0
LA,South,2009,1542,35312.325157,False,13.0
LA,South,2010,2416,43720.1999,False,16.0
LA,South,2011,217,37838.91,False,14.0
LA,South,2012,877,10519.22,True,4.0
LA,South,2013,1075,22754.5302,True,5.0
LA,South,2014,876,37582.7447,True,12.0
LA,South,2015,1075,20327.6537,True,8.0
LA,South,2016,765,26768.665,True,8.0
LA,South,2017,754,8946.437,True,1.0
LA,South,2018,714,11340.596,True,7.0
LA,South,2019,505,11477.002,True,2.0
LA,South,2020,381,8243.57,True,5.0
MA,Northeast,1992,7,5.4,True,0.0
MA,Northeast,1993,4,1.5,True,0.0
MA,Northeast,1994,1,0.1,True,0.0
MA,Northeast,1995,15,8.7,True,0.0
MA,Northeast,1996,4,2.2,True,0.0
MA,Northeast,1997,11,5.4,True,0.0
MA,Northeast,1998,1,3.0,True,0.0
MA,Northeast,1999,7,1.5,True,0.0
MA,Northeast,2000,3,5.8,True,0.0
MA,Northeast,2001,17,269.3,True,0.0
MA,Northeast,2002,115,512.1,False,1.0
MA,Northeast,2003,75,393.0,False,1.0
MA,Northeast,2004,69,197.8,False,0.0
MA,Northeast,2005,30,830.7,False,1.0
MA,Northeast,2006,31,23.2,False,0.0
MA,Northeast,2007,34,205.4,False,0.0
MA,Northeast,2008,12,848.5,False,1.0
MA,Northeast,2009,1,1.0,False,0.0
MA,Northeast,2010,3,322.2,False,1.0
MA,Northeast,2011,0,0.0,False,0.0
MA,Northeast,2012,5,2.9,False,0.0
MA,Northeast,2013,5,17.6,False,0.0
MA,Northeast,2014,6,373.2,False,0.0
MA,Northeast,2015,2170,2094.23,False,0.0
MA,Northeast,2016,2108,1624.229,False,0.0
MA,Northeast,2017,1158,688.52,False,0.0
MA,Northeast,2018,886,441.07,False,0.0
MA,Northeast,2019,272,241.53,False,0.0
MA,Northeast,2020,1321,887.593,False,0.0
MD,Other,1992,12,1160.3,False,0.0
MD,Other,1993,11,1672.9,False,1.0
MD,Other,1994,16,786.9,False,0.0
MD,Other,1995,32,1304.4,False,2.0
MD,Other,1996,17,312.1,False,0.0
MD,Other,1997,19,181.7,False,0.0
MD,Other,1998,17,544.0,False,0.0
MD,Other,1999,34,1625.7,False,1.0
MD,Other,2000,14,209.7,False,0.0
MD,Other,2001,22,6849.1,False,6.0
MD,Other,2002,14,1786.1,False,2.0
MD,Other,2003,5,1373.1,False,2.0
MD,Other,2004,21,6338.5,False,7.0
MD,Other,2005,417,4033.9,True,4.0
MD,Other,2006,718,6832.5,True,8.0
MD,Other,2007,598,7314.8,True,7.0
MD,Other,2008,530,2794.1,True,2.0
MD,Other,2009,261,4606.9,True,3.0
MD,Other,2010,168,3580.6000000000004,True,3.0
MD,Other,2011,133,10247.38,True,10.0
MD,Other,2012,163,1439.9,True,1.0
MD,Other,2013,126,426.85,True,0.0
MD,Other,2014,123,1781.1,True,1.0
MD,Other,2015,150,1044.0,True,0.0
MD,Other,2016,132,244.3,True,0.0
MD,Other,2017,114,2185.5,True,2.0
MD,Other,2018,80,370.75,True,0.0
MD,Other,2019,137,1478.6,True,2.0
MD,Other,2020,73,1217.6,True,1.0
ME,Northeast,1992,611,4399.3,False,2.0
ME,Northeast,1993,672,1413.15,False,0.0
ME,Northeast,1994,541,2012.69,False,1.0
ME,Northeast,1995,963,1137.08,False,0.0
ME,Northeast,1996,315,403.35,True,0.0
ME,Northeast,1997,585,896.77,True,0.0
ME,Northeast,1998,580,1547.8200000000002,True,1.0
ME,Northeast,1999,681,1061.27,True,0.0
ME,Northeast,2000,346,445.98,True,0.0
ME,Northeast,2001,963,2243.54,True,1.0
ME,Northeast,2002,664,784.0500000000001,True,0.0
ME,Northeast,2003,624,858.4,True,0.0
ME,Northeast,2004,467,803.71,True,0.0
ME,Northeast,2005,472,724.74,True,0.0
ME,Northeast,2006,623,1841.35,True,1.0
ME,Northeast,2007,481,496.73,True,0.0
ME,Northeast,2008,466,549.63,True,0.0
ME,Northeast,2009,483,474.78,True,0.0
ME,Northeast,2010,505,296.79,True,0.0
ME,Northeast,2011,365,167.69,True,0.0
ME,Northeast,2012,560,469.85,True,0.0
ME,Northeast,2013,444,717.22,True,0.0
ME,Northeast,2014,333,218.97,True,0.0
ME,Northeast,2015,406,590.78,True,0.0
ME,Northeast,2016,695,835.72,True,0.0
ME,Northeast,2017,521,467.4,True,0.0
ME,Northeast,2018,558,693.0,True,1.0
ME,Northeast,2019,355,156.9,True,0.0
ME,Northeast,2020,1160,1045.02,False,0.0
MI,Other,1992,614,2987.4,False,1.0
MI,Other,1993,262,1008.0,False,0.0
MI,Other,1994,644,6704.2,False,1.0
MI,Other,1995,627,4872.3,False,2.0
MI,Other,1996,386,2921.7,False,1.0
MI,Other,1997,118,552.1,False,0.0
MI,Other,1998,170,3959.0,False,2.0
MI,Other,1999,150,10031.1,False,5.0
MI,Other,2000,115,6010.9,False,2.0
MI,Other,2001,423,1430.249,True,0.0
MI,Other,2002,308,967.4,True,0.0
MI,Other,2003,750,7065.059,True,2.0
MI,Other,2004,467,2745.13,True,1.0
MI,Other,2005,640,4516.812,True,2.0
MI,Other,2006,534,7831.17,True,1.0
MI,Other,2007,516,23095.204,True,2.0
MI,Other,2008,444,2612.92,True,1.0
MI,Other,2009,486,3209.4300000000003,True,2.0
MI,Other,2010,584,12051.41,True,2.0
MI,Other,2011,309,1832.48,True,1.0
MI,Other,2012,711,28326.69,True,5.0
MI,Other,2013,455,977.22,True,0.0
MI,Other,2014,264,672.07,True,0.0
MI,Other,2015,523,3815.49,True,3.0
MI,Other,2016,387,3695.980000000001,True,1.0
MI,Other,2017,265,728.76,True,0.0
MI,Other,2018,3014,7458.6,False,1.0
MI,Other,2019,3358,5387.49,False,1.0
MI,Other,2020,1603,2685.505,False,0.0
MN,Other,1992,1620,30182.13,True,14.0
MN,Other,1993,1363,19087.71,True,11.0
MN,Other,1994,1904,37150.32,True,13.0
MN,Other,1995,1731,46067.31,True,16.0
MN,Other,1996,1752,29633.94,True,15.0
MN,Other,1997,2528,20708.74,True,8.0
MN,Other,1998,2474,49139.65001,True,35.0
MN,Other,1999,2113,32858.86,True,18.0
MN,Other,2000,2631,69170.17,True,38.0
MN,Other,2001,1327,23136.32,True,6.0
MN,Other,2002,2039,64357.79,True,37.0
MN,Other,2003,3297,156764.72,True,53.0
MN,Other,2004,1989,45646.95,True,32.0
MN,Other,2005,1728,22455.77,True,15.0
MN,Other,2006,2508,76055.91,True,24.0
MN,Other,2007,1787,164404.56,True,39.0
MN,Other,2008,1165,21197.02,True,13.0
MN,Other,2009,1233,11715.91,True,4.0
MN,Other,2010,2074,35680.04,True,30.0
MN,Other,2011,1236,140188.68,True,15.0
MN,Other,2012,2294,64587.04,True,29.0
MN,Other,2013,1132,21936.47,True,5.0
MN,Other,2014,1006,3984.64,True,1.0
MN,Other,2015,1838,28952.47,True,16.0
MN,Other,2016,1438,12579.77,True,9.0
MN,Other,2017,1106,6458.97,True,3.0
MN,Other,2018,1366,17310.71,True,8.0
MN,Other,2019,992,5498.08,True,2.0
MN,Other,2020,1403,8940.81,True,5.0
MO,Other,1992,1680,28716.0,False,6.0
MO,Other,1993,906,14993.3,False,4.0
MO,Other,1994,1607,36249.4,False,11.0
MO,Other,1995,2060,50196.4,False,14.0
MO,Other,1996,443,8538.3,True,3.0
MO,Other,1997,1314,23939.7,True,8.0
MO,Other,1998,521,10981.8,True,3.0
MO,Other,1999,1204,35498.9,True,19.0
MO,Other,2000,672,17134.3,True,8.0
MO,Other,2001,882,17070.6,True,3.0
MO,Other,2002,670,20534.7,True,11.0
MO,Other,2003,340,3276.02,True,0.0
MO,Other,2004,307,8217.49,True,4.0
MO,Other,2005,413,18188.81,True,12.0
MO,Other,2006,441,24197.16,True,16.0
MO,Other,2007,523,14246.45,True,11.0
MO,Other,2008,136,5933.76,False,6.0
MO,Other,2009,239,17994.88,False,16.0
MO,Other,2010,196,14471.5,False,11.0
MO,Other,2011,740,31844.55,False,25.0
MO,Other,2012,221,18722.5,False,17.0
MO,Other,2013,413,3885.18,False,1.0
MO,Other,2014,1251,22455.8,False,12.0
MO,Other,2015,769,12023.741,False,7.0
MO,Other,2016,893,14994.689,False,7.0
MO,Other,2017,1201,18906.4805,False,10.0
MO,Other,2018,1956,26284.445,False,11.0
MO,Other,2019,1133,14364.29,False,9.0
MO,Other,2020,1379,16374.503,False,5.0
MS,South,1992,4478,60830.1,True,10.0
MS,South,1993,4015,54108.3,True,10.0
MS,South,1994,3355,54453.5,True,14.0
MS,South,1995,4992,68013.8,True,7.0
MS,South,1996,4923,101707.7,True,31.0
MS,South,1997,2782,32353.6,True,3.0
MS,South,1998,3421,39648.8,True,6.0
MS,South,1999,5436,66126.9,True,11.0
MS,South,2000,7984,53459.2,True,20.0
MS,South,2001,2888,32258.9,True,7.0
MS,South,2002,2832,34410.3,True,9.0
MS,South,2003,1913,24744.25,True,2.0
MS,South,2004,2812,41803.42,True,4.0
MS,South,2005,3520,55601.2,True,15.0
MS,South,2006,5533,131124.75,True,55.0
MS,South,2007,2767,52528.63,True,12.0
MS,South,2008,2012,36173.34,True,8.0
MS,South,2009,1965,26854.35,True,2.0
MS,South,2010,2919,36217.72,True,5.0
MS,South,2011,1614,29025.64,True,12.0
MS,South,2012,1218,12723.3,True,2.0
MS,South,2013,1488,22015.9,True,4.0
MS,South,2014,2224,33235.6,True,10.0
MS,South,2015,2125,36367.6,True,15.0
MS,South,2016,1934,34396.7,True,17.0
MS,South,2017,1266,30014.15,True,10.0
MS,South,2018,690,17082.67,True,8.0
MS,South,2019,882,18075.99,True,10.0
MS,South,2020,718,30527.043,True,14.0
MT,West,1992,1640,38561.71,False,22.0
MT,West,1993,743,12598.41,False,4.0
MT,West,1994,2979,265609.83,True,93.0
MT,West,1995,1052,25183.95,True,20.0
MT,West,1996,1990,208840.13,True,54.0
MT,West,1997,993,11343.13,True,7.0
MT,West,1998,1908,101357.17,True,30.0
MT,West,1999,2089,118959.14,True,41.0
MT,West,2000,2427,822830.3099999999,True,118.0
MT,West,2001,1602,162549.09,True,29.0
MT,West,2002,1597,126100.33,True,20.0
MT,West,2003,2472,750196.31018,True,112.0
MT,West,2004,1503,22868.07,True,16.0
MT,West,2005,1497,114587.86,True,45.0
MT,West,2006,2460,866652.06,True,92.0
MT,West,2007,1997,744542.86,True,72.0
MT,West,2008,1532,169869.3,True,39.0
MT,West,2009,1662,53706.39,True,19.0
MT,West,2010,1140,57476.1,True,19.0
MT,West,2011,1190,139286.18,True,29.0
MT,West,2012,1854,1007209.58,True,123.0
MT,West,2013,1359,77404.18000000001,True,23.0
MT,West,2014,1203,34919.92,True,19.0
MT,West,2015,1866,350033.86,True,71.0
MT,West,2016,2118,105459.55,True,45.0
MT,West,2017,2602,1281907.31,True,145.0
MT,West,2018,1787,105640.26,True,39.0
MT,West,2019,2013,66651.49,True,27.0
MT,West,2020,2685,358206.7649,True,82.0
NC,South,1992,5696,27489.1,True,6.0
NC,South,1993,4808,26461.2,True,11.0
NC,South,1994,5739,44936.2,True,4.0
NC,South,1995,5253,23404.3,True,9.0
NC,South,1996,4238,17358.0,True,5.0
NC,South,1997,4512,17412.0,True,4.0
NC,South,1998,4324,16913.4,True,3.0
NC,South,1999,4041,25060.6,True,10.0
NC,South,2000,4986,38848.0,True,13.0
NC,South,2001,8143,44664.4,True,10.0
NC,South,2002,5590,29622.0,True,9.0
NC,South,2003,2041,8103.1,True,1.0
NC,South,2004,4343,16701.6,True,5.0
NC,South,2005,4044,16155.85,True,1.0
NC,South,2006,5059,23369.94999,True,10.0
NC,South,2007,7284,50416.8,True,20.0
NC,South,2008,4382,82255.65001,True,20.0
NC,South,2009,3311,19328.35,True,7.0
NC,South,2010,4100,16987.3,True,4.0
NC,South,2011,5426,109458.78,True,12.0
NC,South,2012,3559,35318.75,True,6.0
NC,South,2013,3329,14148.7,True,5.0
NC,South,2014,4587,14991.4,True,6.0
NC,South,2015,2471,11044.73,True,9.0
NC,South,2016,4283,96789.11,True,24.0
NC,South,2017,5159,24284.45,True,9.0
NC,South,2018,3085,11253.49,True,6.0
NC,South,2019,3940,9187.38,True,3.0
NC,South,2020,2432,8761.68,True,4.0
ND,Other,1992,396,6373.9,True,3.0
ND,Other,1993,386,3923.9,True,2.0
ND,Other,1994,501,11743.3,True,4.0
ND,Other,1995,272,2047.6,True,2.0
ND,Other,1996,527,4801.8,True,4.0
ND,Other,1997,453,6203.8,True,3.0
ND,Other,1998,492,7760.1,True,5.0
ND,Other,1999,506,70997.6,True,8.0
ND,Other,2000,627,18171.7,True,9.0
ND,Other,2001,553,6567.3,True,4.0
ND,Other,2002,906,52819.4,True,19.0
ND,Other,2003,836,25500.9,True,14.0
ND,Other,2004,820,19749.89,True,15.0
ND,Other,2005,903,18726.1,True,6.0
ND,Other,2006,1060,23697.95,True,9.0
ND,Other,2007,865,18860.9,True,12.0
ND,Other,2008,723,29906.05,True,30.0
ND,Other,2009,415,3314.1600000000003,True,2.0
ND,Other,2010,435,3754.8,True,2.0
ND,Other,2011,373,4049.38,True,3.0
ND,Other,2012,1098,41722.89,True,15.0
ND,Other,2013,541,6693.69,True,6.0
ND,Other,2014,510,3915.45,True,2.0
ND,Other,2015,1002,25793.97,True,21.0
ND,Other,2016,1121,20103.27,True,16.0
ND,Other,2017,999,14742.82,True,7.0
ND,Other,2018,988,20902.3,True,12.0
ND,Other,2019,954,8052.64,True,4.0
ND,Other,2020,758,10154.535,True,4.0
NE,Other,1992,25,1227.1,False,1.0
NE,Other,1993,17,173.5,False,0.0
NE,Other,1994,80,6869.5,False,5.0
NE,Other,1995,56,55757.8,False,8.0
NE,Other,1996,59,8278.3,False,5.0
NE,Other,1997,57,18129.5,False,4.0
NE,Other,1998,43,14110.1,False,7.0
NE,Other,1999,75,118550.5,False,13.0
NE,Other,2000,114,116094.001,False,19.0
NE,Other,2001,77,2473.552,False,2.0
NE,Other,2002,183,10095.06,False,4.0
NE,Other,2003,161,3316.35,False,4.0
NE,Other,2004,169,3652.07,False,3.0
NE,Other,2005,177,6481.12,False,6.0
NE,Other,2006,122,89062.505,False,8.0
NE,Other,2007,818,20689.3245,True,11.0
NE,Other,2008,611,7784.8202,True,5.0
NE,Other,2009,715,11186.551,True,6.0
NE,Other,2010,610,23333.69,True,17.0
NE,Other,2011,832,39060.632,True,19.0
NE,Other,2012,1223,336108.359,True,56.0
NE,Other,2013,423,10547.091,True,5.0
NE,Other,2014,723,20213.0322,True,11.0
NE,Other,2015,599,44194.8,True,15.0
NE,Other,2016,527,30564.8551,True,12.0
NE,Other,2017,986,28520.23,True,13.0
NE,Other,2018,872,13776.2511,True,7.0
NE,Other,2019,425,17470.05,True,10.0
NE,Other,2020,964,37459.322,True,25.0
NH,Northeast,1992,107,164.671,False,0.0
NH,Northeast,1993,142,166.663,False,0.0
NH,Northeast,1994,133,207.234,False,0.0
NH,Northeast,1995,195,309.042,False,0.0
NH,Northeast,1996,83,95.734,False,0.0
NH,Northeast,1997,85,108.17,False,0.0
NH,Northeast,1998,171,257.02,False,0.0
NH,Northeast,1999,5,16.2,False,0.0
NH,Northeast,2000,87,132.26,True,0.0
NH,Northeast,2001,124,152.81,True,0.0
NH,Northeast,2002,116,158.75,True,0.0
NH,Northeast,2003,56,89.55,True,0.0
NH,Northeast,2004,70,232.38,True,0.0
NH,Northeast,2005,88,114.73,True,0.0
NH,Northeast,2006,111,291.239,True,0.0
NH,Northeast,2007,95,145.49,True,0.0
NH,Northeast,2008,102,185.07,True,0.0
NH,Northeast,2009,68,121.785,True,0.0
NH,Northeast,2010,98,52.043,True,0.0
NH,Northeast,2011,4,4.45,False,0.0
NH,Northeast,2012,100,101.06,False,0.0
NH,Northeast,2013,147,85.52,False,0.0
NH,Northeast,2014,125,78.466,False,0.0
NH,Northeast,2015,182,621.1,False,0.0
NH,Northeast,2016,228,1047.533,False,1.0
NH,Northeast,2017,68,141.975,False,0.0
NH,Northeast,2018,145,58.8703,False,0.0
NH,Northeast,2019,17,22.75,False,0.0
NH,Northeast,2020,129,69.868,False,0.0
NJ,Northeast,1992,1325,16603.65,True,4.0
NJ,Northeast,1993,842,922.7,True,0.0
NJ,Northeast,1994,1326,2725.85,True,1.0
NJ,Northeast,1995,1817,22962.146,True,3.0
NJ,Northeast,1996,768,929.6,True,0.0
NJ,Northeast,1997,1383,4767.8,True,3.0
NJ,Northeast,1998,1312,1320.44,True,0.0
NJ,Northeast,1999,1758,16030.3,True,4.0
NJ,Northeast,2000,972,2016.5,True,1.0
NJ,Northeast,2001,1571,4410.2,True,2.0
NJ,Northeast,2002,1419,5791.75,True,3.0
NJ,Northeast,2003,718,956.0,True,1.0
NJ,Northeast,2004,864,503.55,True,0.0
NJ,Northeast,2005,1200,1544.5,True,1.0
NJ,Northeast,2006,1576,2829.25,True,2.0
NJ,Northeast,2007,1121,20647.6,True,2.0
NJ,Northeast,2008,1249,3312.95,True,1.0
NJ,Northeast,2009,780,1060.25,True,1.0
NJ,Northeast,2010,1460,9951.3,True,11.0
NJ,Northeast,2011,703,818.25,True,0.0
NJ,Northeast,2012,1084,3142.55,True,3.0
NJ,Northeast,2013,988,1428.05,True,1.0
NJ,Northeast,2014,928,10246.3,True,9.0
NJ,Northeast,2015,1047,2735.8,True,2.0
NJ,Northeast,2016,1050,4982.3,True,5.0
NJ,Northeast,2017,713,10063.55,True,4.0
NJ,Northeast,2018,579,1279.0,True,1.0
NJ,Northeast,2019,677,12832.4,True,2.0
NJ,Northeast,2020,1021,4792.15,True,2.0
NM,West,1992,977,99202.45,True,29.0
NM,West,1993,1808,302329.04,True,85.0
NM,West,1994,2668,416646.72,True,171.0
NM,West,1995,1665,139862.35,True,59.0
NM,West,1996,2101,171645.96,True,68.0
NM,West,1997,1380,169966.5,True,42.0
NM,West,1998,1294,97959.56,True,53.0
NM,West,1999,1231,82559.04,True,43.0
NM,West,2000,2797,526543.459,True,130.0
NM,West,2001,1700,70554.31,True,35.0
NM,West,2002,2072,321163.17,True,52.0
NM,West,2003,1970,235611.075,True,31.0
NM,West,2004,1229,91896.73,True,8.0
NM,West,2005,1582,179194.535,True,36.0
NM,West,2006,1996,546954.102,True,103.0
NM,West,2007,1424,143521.42001,True,67.0
NM,West,2008,864,365494.54,True,80.0
NM,West,2009,1446,423158.58,True,85.0
NM,West,2010,1136,131034.57,True,41.0
NM,West,2011,2196,1143943.7,True,161.0
NM,West,2012,1174,370998.82,True,27.0
NM,West,2013,1078,285066.05,True,7.0
NM,West,2014,893,43976.16,True,13.0
NM,West,2015,777,52126.7,True,18.0
NM,West,2016,1436,227503.81,True,72.0
NM,West,2017,967,142800.2,True,41.0
NM,West,2018,1332,372680.2,True,66.0
NM,West,2019,964,106302.92,True,48.0
NM,West,2020,1421,142571.8434,True,30.0
NV,West,1992,556,92345.8,True,24.0
NV,West,1993,443,53979.9,True,17.0
NV,West,1994,710,196057.8,True,41.0
NV,West,1995,545,120031.4,True,39.0
NV,West,1996,1087,627483.5,True,103.0
NV,West,1997,595,41857.4,True,20.0
NV,West,1998,638,91363.7,True,34.0
NV,West,1999,1047,1773486.6,True,129.0
NV,West,2000,976,648744.2,True,86.0
NV,West,2001,1117,598503.2,True,78.0
NV,West,2002,648,53172.2,True,28.0
NV,West,2003,664,17385.95,True,14.0
NV,West,2004,776,41767.1,True,15.0
NV,West,2005,749,1102037.05,True,63.0
NV,West,2006,1051,1358283.69,True,135.0
NV,West,2007,698,946541.3,True,69.0
NV,West,2008,447,79277.23,True,20.0
NV,West,2009,570,28678.98,True,9.0
NV,West,2010,353,19970.15,True,11.0
NV,West,2011,721,422953.15,True,51.0
NV,West,2012,837,455326.07,True,72.0
NV,West,2013,657,180004.85,True,38.0
NV,West,2014,542,69902.34,True,15.0
NV,West,2015,526,23445.88,True,8.0
NV,West,2016,512,267515.83,True,27.0
NV,West,2017,755,1137057.69,True,101.0
NV,West,2018,654,1070680.15,True,56.0
NV,West,2019,571,81264.68000000001,True,29.0
NV,West,2020,765,239269.268,True,38.0
NY,Northeast,1992,364,2334.4,False,0.0
NY,Northeast,1993,304,1126.3,False,0.0
NY,Northeast,1994,129,1154.6,False,0.0
NY,Northeast,1995,487,9167.45,False,2.0
NY,Northeast,1996,107,417.3,False,0.0
NY,Northeast,1997,365,1421.8,True,0.0
NY,Northeast,1998,310,1695.71,True,1.0
NY,Northeast,1999,711,6073.45,True,3.0
NY,Northeast,2000,1756,1497.78,True,0.0
NY,Northeast,2001,3262,7118.24,True,4.0
NY,Northeast,2002,3512,4001.53,True,1.0
NY,Northeast,2003,4933,3894.27,True,0.0
NY,Northeast,2004,4062,2700.18,True,0.0
NY,Northeast,2005,7700,5030.94,True,0.0
NY,Northeast,2006,6629,6770.53,True,1.0
NY,Northeast,2007,6317,4139.01,True,0.0
NY,Northeast,2008,7155,8120.94,True,1.0
NY,Northeast,2009,5764,5237.41,True,1.0
NY,Northeast,2010,6181,4300.13,True,1.0
NY,Northeast,2011,3740,1370.94,True,0.0
NY,Northeast,2012,3944,3529.34,True,2.0
NY,Northeast,2013,2888,2376.3,True,1.0
NY,Northeast,2014,4358,2972.882816,True,0.0
NY,Northeast,2015,5874,7299.08,True,1.0
NY,Northeast,2016,6409,9200.8,True,3.0
NY,Northeast,2017,3405,2779.3,True,0.0
NY,Northeast,2018,2505,1687.6791375,True,1.0
NY,Northeast,2019,2240,541.3000000000001,True,0.0
NY,Northeast,2020,3731,9222.35,True,0.0
OH,Other,1992,21,101.7,False,0.0
OH,Other,1993,18,42.7,False,0.0
OH,Other,1994,28,125.7,False,0.0
OH,Other,1995,47,292.3,False,0.0
OH,Other,1996,9,70.3,False,0.0
OH,Other,1997,22,41.5,False,0.0
OH,Other,1998,27,203.4,False,0.0
OH,Other,1999,40,705.1,False,0.0
OH,Other,2000,28,370.4,False,0.0
OH,Other,2001,87,1941.9,True,2.0
OH,Other,2002,142,348.0,True,0.0
OH,Other,2003,63,1829.694,True,2.0
OH,Other,2004,72,227.82,True,0.0
OH,Other,2005,100,1072.343,True,2.0
OH,Other,2006,222,1280.213,True,0.0
OH,Other,2007,259,827.72,True,0.0
OH,Other,2008,116,484.235,True,0.0
OH,Other,2009,244,4784.42,True,2.0
OH,Other,2010,180,1512.98,True,1.0
OH,Other,2011,79,287.74,True,0.0
OH,Other,2012,204,1097.02,True,0.0
OH,Other,2013,323,1716.51,True,0.0
OH,Other,2014,612,3486.07,True,0.0
OH,Other,2015,537,2084.09,True,0.0
OH,Other,2016,394,1027.63,True,0.0
OH,Other,2017,407,1311.71,True,1.0
OH,Other,2018,446,1529.85,True,0.0
OH,Other,2019,432,955.77,True,0.0
OH,Other,2020,516,1361.98,True,0.0
OK,South,1992,1468,47575.1,True,33.0
OK,South,1993,2297,69717.4,True,43.0
OK,South,1994,1905,75155.4,True,59.0
OK,South,1995,2583,94453.1,True,67.0
OK,South,1996,2686,207480.0,True,94.0
OK,South,1997,911,36624.9,True,16.0
OK,South,1998,812,22800.8,True,10.0
OK,South,1999,1652,40669.7,True,24.0
OK,South,2000,1624,135159.8,True,58.0
OK,South,2001,1285,51616.7,True,30.0
OK,South,2002,1564,58766.4,True,28.0
OK,South,2003,1639,100423.35,True,68.0
OK,South,2004,1688,70082.7,True,40.0
OK,South,2005,3267,337133.95,True,138.0
OK,South,2006,3241,416573.42,True,199.0
OK,South,2007,1325,56870.26,True,40.0
OK,South,2008,2161,144551.23,True,73.0
OK,South,2009,2049,403834.45,True,133.0
OK,South,2010,2147,117098.0,True,87.0
OK,South,2011,2542,327168.1,True,188.0
OK,South,2012,1655,203966.35,True,81.0
OK,South,2013,794,30110.95,True,22.0
OK,South,2014,1172,187617.2,True,90.0
OK,South,2015,1186,149535.25,True,60.0
OK,South,2016,1626,706048.15,True,134.0
OK,South,2017,1658,991100.95,True,138.0
OK,South,2018,1202,568814.4,True,127.0
OK,South,2019,949,64104.12,True,48.0
OK,South,2020,1101,97324.91,True,60.0
OR,West,1992,3956,117437.26,True,44.0
OR,West,1993,1852,13843.28,True,12.0
OR,West,1994,3473,276054.32,True,63.0
OR,West,1995,2264,61282.49,True,25.0
OR,West,1996,2875,590641.84,True,79.0
OR,West,1997,2142,24603.94,True,15.0
OR,West,1998,2575,83099.62,True,28.0
OR,West,1999,2927,72161.93,True,46.0
OR,West,2000,1938,365429.38,True,49.0
OR,West,2001,3369,389247.23,True,52.0
OR,West,2002,2758,1011073.62,True,60.0
OR,West,2003,2615,169621.16999999998,True,31.0
OR,West,2004,2270,30383.74,True,9.0
OR,West,2005,1744,139377.28,True,43.0
OR,West,2006,3184,500568.82,True,67.0
OR,West,2007,2512,567205.89,True,56.0
OR,West,2008,2668,240911.43,True,43.0
OR,West,2009,2304,89058.37,True,24.0
OR,West,2010,1924,87747.78,True,24.0
OR,West,2011,1968,224034.59,True,52.0
OR,West,2012,1657,1531105.27,True,45.0
OR,West,2013,2562,319439.93,True,41.0
OR,West,2014,3047,934078.44,True,69.0
OR,West,2015,2500,579124.05,True,50.0
OR,West,2016,1585,203206.99,True,30.0
OR,West,2017,2473,780086.63,True,93.0
OR,West,2018,2015,738643.85,True,67.0
OR,West,2019,2157,74425.88,True,21.0
OR,West,2020,2135,1124594.3,True,52.0
PA,Northeast,1992,17,59.7,True,0.0
PA,Northeast,1993,19,40.8,True,0.0
PA,Northeast,1994,20,66.5,True,0.0
PA,Northeast,1995,22,51.2,True,0.0
PA,Northeast,1996,12,18.9,True,0.0
PA,Northeast,1997,12,107.7,True,0.0
PA,Northeast,1998,18,54.2,True,0.0
PA,Northeast,1999,30,493.8,True,1.0
PA,Northeast,2000,14,356.7,True,1.0
PA,Northeast,2001,37,4472.7,True,3.0
PA,Northeast,2002,628,3173.793759,False,0.0
PA,Northeast,2003,407,2082.12558,False,1.0
PA,Northeast,2004,193,2766.42199,False,1.0
PA,Northeast,2005,783,4170.06701,False,1.0
PA,Northeast,2006,874,7880.163579999999,False,7.0
PA,Northeast,2007,514,1131.1865,False,0.0
PA,Northeast,2008,652,7610.5693,False,3.0
PA,Northeast,2009,632,6203.11182,False,2.0
PA,Northeast,2010,583,3499.96599,False,2.0
PA,Northeast,2011,201,579.41,False,0.0
PA,Northeast,2012,724,3207.56,False,1.0
PA,Northeast,2013,639,1784.77,False,1.0
PA,Northeast,2014,875,4511.18,False,3.0
PA,Northeast,2015,807,4136.24,False,2.0
PA,Northeast,2016,854,12185.07,False,4.0
PA,Northeast,2017,541,1654.61,False,0.0
PA,Northeast,2018,695,1855.09,False,1.0
PA,Northeast,2019,545,694.73,False,0.0
PA,Northeast,2020,1513,3038.01,False,2.0
PR,Hawaii/PR,1992,4,127.0,False,0.0
PR,Hawaii/PR,1993,1,163.0,False,0.0
PR,Hawaii/PR,1994,4,1000.0,False,1.0
PR,Hawaii/PR,1995,0,0.0,False,0.0
PR,Hawaii/PR,1996,3,502.0,False,1.0
PR,Hawaii/PR,1997,6,82.8,False,0.0
PR,Hawaii/PR,1998,1,1.0,False,0.0
PR,Hawaii/PR,1999,0,0.0,False,0.0
PR,Hawaii/PR,2000,0,0.0,False,0.0
PR,Hawaii/PR,2001,0,0.0,False,0.0
PR,Hawaii/PR,2002,1,55.0,False,0.0
PR,Hawaii/PR,2003,3622,18886.41,False,8.0
PR,Hawaii/PR,2004,1885,9274.29,False,4.0
PR,Hawaii/PR,2005,4274,28132.09,False,8.0
PR,Hawaii/PR,2006,2529,11263.12,False,3.0
PR,Hawaii/PR,2007,3693,24801.48,False,8.0
PR,Hawaii/PR,2008,17,618.1,False,0.0
PR,Hawaii/PR,2009,1690,8870.36,False,1.0
PR,Hawaii/PR,2010,1750,7171.15,False,1.0
PR,Hawaii/PR,2011,2490,23233.57,False,18.0
PR,Hawaii/PR,2012,8,392.2,False,0.0
PR,Hawaii/PR,2013,33,2527.4,True,2.0
PR,Hawaii/PR,2014,42,260.7,True,0.0
PR,Hawaii/PR,2015,28,1326.75,True,1.0
PR,Hawaii/PR,2016,26,100.1,True,0.0
PR,Hawaii/PR,2017,25,119.0,True,0.0
PR,Hawaii/PR,2018,27,279.9,True,0.0
PR,Hawaii/PR,2019,31,314.4,True,0.0
PR,Hawaii/PR,2020,12,70.5,True,0.0
RI,Northeast,1992,0,0.0,False,0.0
RI,Northeast,1993,0,0.0,False,0.0
RI,Northeast,1994,1,25.0,False,0.0
RI,Northeast,1995,0,0.0,False,0.0
RI,Northeast,1996,0,0.0,False,0.0
RI,Northeast,1997,0,0.0,False,0.0
RI,Northeast,1998,0,0.0,False,0.0
RI,Northeast,1999,0,0.0,False,0.0
RI,Northeast,2000,0,0.0,False,0.0
RI,Northeast,2001,0,0.0,False,0.0
RI,Northeast,2002,0,0.0,False,0.0
RI,Northeast,2003,0,0.0,False,0.0
RI,Northeast,2004,0,0.0,False,0.0
RI,Northeast,2005,18,36.0,False,0.0
RI,Northeast,2006,25,93.0,False,0.0
RI,Northeast,2007,21,37.0,False,0.0
RI,Northeast,2008,135,91.0,False,0.0
RI,Northeast,2009,47,50.63,False,0.0
RI,Northeast,2010,0,0.0,False,0.0
RI,Northeast,2011,34,28.04,True,0.0
RI,Northeast,2012,49,39.91,True,0.0
RI,Northeast,2013,19,16.7,True,0.0
RI,Northeast,2014,46,23.3,True,0.0
RI,Northeast,2015,85,121.83,True,0.0
RI,Northeast,2016,82,55.66,True,0.0
RI,Northeast,2017,35,31.4,True,0.0
RI,Northeast,2018,34,14.0,True,0.0
RI,Northeast,2019,44,32.15,True,0.0
RI,Northeast,2020,112,83.9,True,0.0
SC,South,1992,5195,31202.8,False,2.0
SC,South,1993,5287,34284.7,False,10.0
SC,South,1994,4489,30354.1,False,6.0
SC,South,1995,3520,17794.8,False,5.0
SC,South,1996,4414,28609.6,False,3.0
SC,South,1997,3070,25238.5,False,7.0
SC,South,1998,3508,16369.0,False,3.0
SC,South,1999,5384,35934.4,False,4.0
SC,South,2000,4995,25197.3,False,0.0
SC,South,2001,6225,36528.0,False,6.0
SC,South,2002,4683,45485.6,False,15.0
SC,South,2003,1315,6721.85,True,1.0
SC,South,2004,3058,23390.7,True,5.0
SC,South,2005,2704,14747.145,True,1.0
SC,South,2006,2855,17646.26,True,4.0
SC,South,2007,3998,22275.6,True,4.0
SC,South,2008,2744,17397.77998,True,3.0
SC,South,2009,1757,30566.22,True,4.0
SC,South,2010,2144,9468.37,True,1.0
SC,South,2011,3181,29686.05,True,8.0
SC,South,2012,1971,15437.33,True,4.0
SC,South,2013,1626,9478.73,True,2.0
SC,South,2014,1893,11225.9,True,4.0
SC,South,2015,1299,6625.41,True,1.0
SC,South,2016,1428,18622.99,True,2.0
SC,South,2017,1782,17764.68,True,4.0
SC,South,2018,1496,14102.45,True,6.0
SC,South,2019,1386,9825.99,True,2.0
SC,South,2020,645,2801.66,True,0.0
SD,Other,1992,554,59412.28,True,13.0
SD,Other,1993,438,6133.3,True,4.0
SD,Other,1994,882,16520.05,True,14.0
SD,Other,1995,665,10273.22,True,9.0
SD,Other,1996,839,18689.02,True,14.0
SD,Other,1997,607,4318.61,True,3.0
SD,Other,1998,816,14072.83,True,12.0
SD,Other,1999,1409,80370.2253,True,36.0
SD,Other,2000,2271,355266.064,True,107.0
SD,Other,2001,1338,55260.743,True,24.0
SD,Other,2002,1962,118526.794,True,47.0
SD,Other,2003,1730,81492.56,True,51.0
SD,Other,2004,1377,14652.8,True,15.0
SD,Other,2005,1761,42559.43901,True,30.0
SD,Other,2006,2646,197570.561,True,99.0
SD,Other,2007,1627,81107.197,True,41.0
SD,Other,2008,1190,41420.353,True,39.0
SD,Other,2009,984,38708.7853,True,38.0
SD,Other,2010,1101,10395.776,True,6.0
SD,Other,2011,1431,66036.496,True,23.0
SD,Other,2012,2726,170466.449,True,60.0
SD,Other,2013,1022,15061.18371,True,3.0
SD,Other,2014,1023,18745.94,True,12.0
SD,Other,2015,966,53566.46,True,24.0
SD,Other,2016,1328,101816.3344,True,20.0
SD,Other,2017,1496,76386.56361,True,9.0
SD,Other,2018,592,5742.1900000000005,True,5.0
SD,Other,2019,334,2127.335,True,1.0
SD,Other,2020,1274,27638.2117,False,21.0
TN,South,1992,55,429.6,False,0.0
TN,South,1993,65,866.4,False,1.0
TN,South,1994,73,3300.2,False,3.0
TN,South,1995,106,2049.2,False,1.0
TN,South,1996,56,484.1,False,0.0
TN,South,1997,1394,13043.7,False,3.0
TN,South,1998,1836,20857.1,False,8.0
TN,South,1999,3454,42251.4,False,16.0
TN,South,2000,2674,75996.2,False,27.0
TN,South,2001,2521,62141.1,False,28.0
TN,South,2002,1485,13353.7,False,4.0
TN,South,2003,31,1612.2,False,2.0
TN,South,2004,69,2466.75,False,1.0
TN,South,2005,2041,24853.0,True,7.0
TN,South,2006,2183,32782.8,True,19.0
TN,South,2007,3393,54314.83,True,17.0
TN,South,2008,1428,22644.47001,True,13.0
TN,South,2009,1477,18139.07,True,8.0
TN,South,2010,1904,22093.45,True,10.0
TN,South,2011,1195,14787.0,True,3.0
TN,South,2012,1203,21728.19,True,13.0
TN,South,2013,638,10057.21,True,6.0
TN,South,2014,1260,17872.77,True,6.0
TN,South,2015,612,8524.960000000001,True,4.0
TN,South,2016,1403,90003.18,True,54.0
TN,South,2017,643,8467.85,True,3.0
TN,South,2018,412,3929.25,True,0.0
TN,South,2019,535,5226.79,True,1.0
TN,South,2020,385,3725.31,True,0.0
TX,South,1992,1168,33610.3,False,11.0
TX,South,1993,1457,116873.7,False,25.0
TX,South,1994,907,70917.5,False,18.0
TX,South,1995,1648,56371.1,False,20.0
TX,South,1996,2842,215923.0,False,76.0
TX,South,1997,769,46779.9,False,16.0
TX,South,1998,2024,136550.6,False,23.0
TX,South,1999,1777,91028.2,False,26.0
TX,South,2000,2633,225478.3,False,61.0
TX,South,2001,771,92226.2,False,23.0
TX,South,2002,1228,43773.6,False,23.0
TX,South,2003,1146,54094.15,False,28.0
TX,South,2004,1040,34553.4,False,18.0
TX,South,2005,6901,288851.35,False,160.0
TX,South,2006,15019,1851459.69999,False,411.0
TX,South,2007,5477,135033.55,False,89.0
TX,South,2008,18068,1493416.11999,True,512.0
TX,South,2009,14142,585669.98,True,271.0
TX,South,2010,9353,242902.03,True,139.0
TX,South,2011,19451,3496503.95,True,634.0
TX,South,2012,7623,163114.9,True,75.0
TX,South,2013,9734,71736.92,True,28.0
TX,South,2014,8538,143843.03,True,44.0
TX,South,2015,8304,208761.73,True,96.0
TX,South,2016,8586,306421.94,True,133.0
TX,South,2017,8922,752278.1,True,108.0
TX,South,2018,7531,475699.73,True,177.0
TX,South,2019,6455,206158.01,True,111.0
TX,South,2020,6573,270370.49,True,119.0
UT,West,1992,1092,37531.91,True,22.0
UT,West,1993,710,19887.47,True,19.0
UT,West,1994,1663,213555.1,True,74.0
UT,West,1995,1151,199115.64,True,55.0
UT,West,1996,1666,511165.79,True,88.0
UT,West,1997,862,32525.21,True,22.0
UT,West,1998,873,96563.07,True,27.0
UT,West,1999,1282,148497.92,True,59.0
UT,West,2000,1855,227486.0,True,53.0
UT,West,2001,1773,124083.65,True,46.0
UT,West,2002,1143,239124.41,True,37.0
UT,West,2003,1422,122967.76,True,28.0
UT,West,2004,1519,85485.44,True,32.0
UT,West,2005,1357,252090.39,True,64.0
UT,West,2006,1922,345550.761,True,84.0
UT,West,2007,1546,645219.05001,True,56.0
UT,West,2008,1061,34116.24,True,31.0
UT,West,2009,1155,114442.582,True,25.0
UT,West,2010,1054,62650.37,True,12.0
UT,West,2011,1095,62043.63,True,24.0
UT,West,2012,1591,432902.185,True,58.0
UT,West,2013,1249,70397.45,True,18.0
UT,West,2014,1058,27185.371,True,15.0
UT,West,2015,605,9825.6,True,8.0
UT,West,2016,1108,101586.379,True,31.0
UT,West,2017,1173,248972.97,True,49.0
UT,West,2018,1343,383539.124,True,48.0
UT,West,2019,1079,92518.2,True,34.0
UT,West,2020,1575,308496.5304,True,61.0
VA,South,1992,43,434.6,False,0.0
VA,South,1993,54,564.0,False,0.0
VA,South,1994,78,1205.5,False,1.0
VA,South,1995,1550,15136.75,False,5.0
VA,South,1996,824,3259.5,False,3.0
VA,South,1997,1133,5199.3,False,2.0
VA,South,1998,1168,9279.1,False,4.0
VA,South,1999,1583,19266.2,False,12.0
VA,South,2000,988,32191.8,False,11.0
VA,South,2001,2101,20906.1,False,12.0
VA,South,2002,1572,19874.9,False,9.0
VA,South,2003,344,5577.7,True,1.0
VA,South,2004,301,3231.6,True,2.0
VA,South,2005,786,5424.54999,True,3.0
VA,South,2006,1268,23966.56001,True,16.0
VA,South,2007,1446,15894.49,True,12.0
VA,South,2008,1288,44093.05,True,24.0
VA,South,2009,784,8032.24,True,6.0
VA,South,2010,1025,11437.63,True,6.0
VA,South,2011,812,25007.88,True,14.0
VA,South,2012,685,48077.78,True,11.0
VA,South,2013,581,5871.55,True,3.0
VA,South,2014,821,12566.54,True,9.0
VA,South,2015,597,6328.1,True,3.0
VA,South,2016,682,35454.6,True,12.0
VA,South,2017,594,6977.16,True,1.0
VA,South,2018,639,8178.5,True,6.0
VA,South,2019,390,3219.06,True,1.0
VA,South,2020,405,5537.44,True,4.0
VT,Northeast,1992,1,270.0,False,0.0
VT,Northeast,1993,1,3.0,False,0.0
VT,Northeast,1994,6,25.3,False,0.0
VT,Northeast,1995,2,1.2,False,0.0
VT,Northeast,1996,0,0.0,False,0.0
VT,Northeast,1997,2,3.0,False,0.0
VT,Northeast,1998,2,14.0,False,0.0
VT,Northeast,1999,3,10.5,False,0.0
VT,Northeast,2000,0,0.0,False,0.0
VT,Northeast,2001,0,0.0,False,0.0
VT,Northeast,2002,6,4.8,True,0.0
VT,Northeast,2003,9,8.2,True,0.0
VT,Northeast,2004,16,15.7,True,0.0
VT,Northeast,2005,26,23.2,True,0.0
VT,Northeast,2006,4,5.95,True,0.0
VT,Northeast,2007,5,10.75,True,0.0
VT,Northeast,2008,5,18.7,True,0.0
VT,Northeast,2009,1,0.5,True,0.0
VT,Northeast,2010,2,0.35,True,0.0
VT,Northeast,2011,0,0.0,False,0.0
VT,Northeast,2012,97,356.488,False,0.0
VT,Northeast,2013,126,275.308,False,0.0
VT,Northeast,2014,55,163.111,False,0.0
VT,Northeast,2015,87,346.42900000000003,False,0.0
VT,Northeast,2016,116,215.824,False,0.0
VT,Northeast,2017,47,46.9,False,0.0
VT,Northeast,2018,52,104.07,False,0.0
VT,Northeast,2019,19,22.43,False,0.0
VT,Northeast,2020,91,134.3217,False,0.0
WA,West,1992,1774,89681.05,True,22.0
WA,West,1993,986,22629.0,True,11.0
WA,West,1994,2021,271438.0,True,41.0
WA,West,1995,1213,6727.8,True,4.0
WA,West,1996,1091,148134.1,True,27.0
WA,West,1997,999,27563.1,True,13.0
WA,West,1998,1476,111620.6,True,24.0
WA,West,1999,1475,26175.17,True,18.0
WA,West,2000,1227,291332.6,True,29.0
WA,West,2001,1158,223780.1,True,42.0
WA,West,2002,1418,91469.27,True,19.0
WA,West,2003,1433,199540.61,True,38.0
WA,West,2004,1591,93797.8,True,19.0
WA,West,2005,1089,138874.15,True,23.0
WA,West,2006,1577,398481.11,True,28.0
WA,West,2007,1302,264464.77,True,41.0
WA,West,2008,1490,117879.42,True,32.0
WA,West,2009,2000,87063.29000000001,True,26.0
WA,West,2010,1047,94309.8,True,21.0
WA,West,2011,1029,42615.25,True,16.0
WA,West,2012,1429,285381.41,True,45.0
WA,West,2013,1378,153546.66,True,23.0
WA,West,2014,1567,449900.92,True,39.0
WA,West,2015,1741,1161646.38,True,74.0
WA,West,2016,1264,310288.29,True,41.0
WA,West,2017,1343,444950.05,True,58.0
WA,West,2018,1671,428906.1,True,57.0
WA,West,2019,1462,155288.3,True,19.0
WA,West,2020,1525,824676.0273,True,41.0
WI,Other,1992,1281,2519.07,True,0.0
WI,Other,1993,883,1442.97,True,0.0
WI,Other,1994,1971,5241.76,True,2.0
WI,Other,1995,1636,2315.29,True,0.0
WI,Other,1996,1461,2927.94,True,0.0
WI,Other,1997,1675,2621.6,True,1.0
WI,Other,1998,1611,4095.52,True,1.0
WI,Other,1999,1604,5353.08,True,3.0
WI,Other,2000,1578,7014.37,True,3.0
WI,Other,2001,993,1364.55,True,0.0
WI,Other,2002,949,2600.56,True,2.0
WI,Other,2003,2252,9084.332,True,8.0
WI,Other,2004,1161,2354.912,True,0.0
WI,Other,2005,1565,6513.318,True,1.0
WI,Other,2006,1657,3074.506,True,1.0
WI,Other,2007,1487,4452.04301,True,2.0
WI,Other,2008,813,901.632,True,0.0
WI,Other,2009,1568,4142.174447,True,2.0
WI,Other,2010,1288,2500.7956,True,0.0
WI,Other,2011,735,635.757,True,0.0
WI,Other,2012,1379,2796.7,True,0.0
WI,Other,2013,692,9138.07,True,2.0
WI,Other,2014,605,2823.736,True,2.0
WI,Other,2015,965,2721.44,True,2.0
WI,Other,2016,712,1157.992,True,1.0
WI,Other,2017,696,665.176,True,0.0
WI,Other,2018,2099,3823.325,False,0.0
WI,Other,2019,1212,1665.04,False,1.0
WI,Other,2020,1663,2769.26,False,1.0
WV,South,1992,701,7514.4,True,2.0
WV,South,1993,846,9433.8,True,5.0
WV,South,1994,1010,50906.8,True,40.0
WV,South,1995,1241,41583.6,True,35.0
WV,South,1996,651,5858.5,True,1.0
WV,South,1997,719,7534.95,True,0.0
WV,South,1998,1006,20567.31,True,17.0
WV,South,1999,1949,103301.45,True,70.0
WV,South,2000,1106,50401.3,True,46.0
WV,South,2001,1790,97542.6,True,73.0
WV,South,2002,1000,10802.4,True,5.0
WV,South,2003,641,8380.35,True,3.0
WV,South,2004,618,6097.3,True,1.0
WV,South,2005,761,15436.4,True,10.0
WV,South,2006,1026,16152.4,True,8.0
WV,South,2007,836,7519.69,True,3.0
WV,South,2008,886,14352.45,True,10.0
WV,South,2009,977,16504.0,True,8.0
WV,South,2010,796,25454.16,True,14.0
WV,South,2011,489,5811.46,True,4.0
WV,South,2012,694,16745.52,True,11.0
WV,South,2013,580,9714.03,True,3.0
WV,South,2014,951,13638.51,True,8.0
WV,South,2015,685,17251.37,True,14.0
WV,South,2016,749,17197.48,True,15.0
WV,South,2017,549,6837.12,True,5.0
WV,South,2018,474,5954.41,True,3.0
WV,South,2019,722,8554.27,True,4.0
WV,South,2020,611,4732.35,True,1.0
WY,West,1992,746,22241.8,False,17.0
WY,West,1993,269,5323.450000000001,False,3.0
WY,West,1994,919,64564.2,False,38.0
WY,West,1995,530,12563.75,False,8.0
WY,West,1996,1032,270174.35,False,65.0
WY,West,1997,195,8315.6,True,4.0
WY,West,1998,198,4649.6,True,5.0
WY,West,1999,305,39686.2,True,11.0
WY,West,2000,571,367712.3,True,64.0
WY,West,2001,672,66991.0,True,27.0
WY,West,2002,669,132867.5,True,29.0
WY,West,2003,716,91933.0,True,33.0
WY,West,2004,410,23946.17,True,10.0
WY,West,2005,521,26183.0,True,13.0
WY,West,2006,769,245299.11,True,46.0
WY,West,2007,595,94156.9,True,31.0
WY,West,2008,449,102269.11,True,11.0
WY,West,2009,474,23649.14,True,10.0
WY,West,2010,631,86949.4492,True,28.0
WY,West,2011,640,134830.58,True,37.0
WY,West,2012,1046,482305.46,True,56.0
WY,West,2013,581,54321.8,True,10.0
WY,West,2014,595,7725.89,True,7.0
WY,West,2015,632,36821.225,True,19.0
WY,West,2016,1169,260196.97,True,51.0
WY,West,2017,1030,123376.15,True,27.0
WY,West,2018,1171,225226.05,True,26.0
WY,West,2019,850,44441.58,True,8.0
WY,West,2020,1624,292019.542,True,33.0
