incident_fod_id,rank,name,lead_fire,states,years,first_discovery,acres,components,largest_component_acres,cause,general_cause,mtbs_id,ics209_id,latitude,longitude,component_names
311439,1,TAYLOR COMPLEX,BILLY CK,AK,2004,2004-06-15,1303333.0,6,463994.0,Natural,Natural,AK6377414344020040618,2004_AK-TAS-413889_TAYLOR COMPLEX,63.8,-143.8,BILLY CK; CHICKEN 1; PORCUPINE; GARDINER C; WALLSTREET; ANOMALY
400629541,2,AUGUST COMPLEX,DOE,CA,2020,2020-08-16,1031896.1,41,589368.0,Natural,Natural,CA3966012280920200817,2020_11843929_AUGUST COMPLEX,39.8,-122.7,DOE; HOPKINS; SHF ELKHORN; GLADE; TATHAM; HULL; CORBIN; PINE KOP; ...
7449,3,EAST AMARILLO COMPLEX,HWY 152,TX,2006,2006-03-12,907245.0,2,479549.0,Human,Missing data/not specified/undetermined,TX3551510078020060312,2006_TX-TXS-066077_EAST AMARILLO COMPLEX,35.7,-101.4,HWY 152; I-40
311429,4,SOLSTICE COMPLEX,PINGO,AK,2004,2004-06-14,832547.3,17,403993.0,Natural,Natural,AK6721914633320040615,2004_AK-UYD-000026_SOLSTICE COMPLEX,67.2,-146.4,PINGO; WINTER TRAILL; BOULDER CK; AMMERMAN M; VUNDIK LAK; CHOTZATDHA; SHEENJEK; SUCKER CRK; ...
311371,5,CENTRAL COMPLEX,PREACHER CREEK,AK,2004,2004-06-07,789577.7,8,243254.0,Natural,Natural,AK6593014500220040614,2004_AK-UYD-000046_CENTRAL COMPLEX,66.0,-145.1,PREACHER CREEK; WOLF CREEK; BOLGEN CREEK; CRAZY; ROCK CR; MIDBIRCH C; TOKOMA BLUFF; BIG BLUFF
400217728,6,NW OKLAHOMA COMPLEX,OKS - STARBUCK,OK,2017,2017-03-07,779292.0,4,662700.0,Missing data/not specified/undetermined,Missing data/not specified/undetermined,OK3677410017520170307,2017_7155675_NW OKLAHOMA COMPLEX,36.8,-100.2,OKS - STARBUCK; OKS - 283; OKS - SELMAN; OKS - BEAVER
344019,7,SOUTHERN NEVADA COMPLEX,DUZAK,NV,2005,2005-06-22,736455.0,17,238058.0,Natural,Natural,NV3724211430320050622,2005_NV-LVD-000042_SOUTHERN NEVADA COMPLEX,37.2,-114.4,DUZAK; DELAMAR; MEADOW VAL; HALFWAY; FORK; MORMON MT; TRAMP; TOQUOP; ...
311410,8,EAGLE COMPLEX,EDWARDSCR,AK,2004,2004-06-14,663306.2,16,243900.0,Natural,Natural,AK6555414313620040614,2004_AK-UYD-000041_EAGLE COMPLEX,65.5,-143.2,EDWARDSCR; DEER CREEK; NATION RIV; KANDIK RIV; LUCKY CK; KING CREEK; INDIAN GRA; CHAMPIONCK; ...
336707,9,MURPHY COMPLEX,MURPHY COMPLEX,ID/NV,2007,2007-07-16,655000.1,5,367785.0,Natural,Natural,ID4216011532120070721,2007_ID-TFD-002030_MURPHY COMPLEX,42.0,-115.1,MURPHY COMPLEX; ROWLAND; ELK MOUNTAIN; SCOTT CREEK; SMITHS CROSSING
312564,10,RAILBELT COMPLEX,MINTO FLATS SOUTH,AK,2009,2009-06-20,631194.0,4,517078.0,Natural,Natural,AK6457914968420090621,2009_AK-FAS-911898_RAILBELT COMPLEX,64.7,-149.5,MINTO FLATS SOUTH; REX CREEK; LUNCH LAKE; JUNE CREEK
214278,11,INOWAK,INOWAK,AK,1997,1997-06-25,606945.0,1,606945.0,Natural,Natural,,,62.0,-157.1,INOWAK
201508655,12,LONG DRAW,LONG DRAW,OR,2012,2012-07-08,558198.3,1,558198.3,Natural,Natural,OR4239211789420120708,2012_OR-VAD-000067_LONG DRAW,42.4,-117.9,LONG DRAW
400505590,13,CHALKYITSIK COMPLEX,FROZEN CALF,AK,2019,2019-06-22,553043.1,6,237494.0,Natural,Natural,AK6657114321520190709,2019_10715052_CHALKYITSIK COMPLEX,66.8,-142.9,FROZEN CALF; BEARNOSE HILL; TRACTOR TRAIL 2; GROUSE CREEK; TETTJAJIK CREEK; SMALL TIMBER LAKE
20026006,14,WALLOW,WALLOW,AZ,2011,2011-05-29,538049.0,1,538049.0,Human,Recreation and ceremony,AZ3360210944920110529,2011_AZ-ASF-110152-1_WALLOW,33.6,-109.4,WALLOW
311398,15,BOUNDARY,BOUNDARY,AK,2004,2004-06-13,537627.0,1,537627.0,Natural,Natural,AK6526314694320040613,2004_AK-FAS-73411193_BOUNDARY FIRE,65.3,-146.9,BOUNDARY
300207938,16,TANANA AREA FIRES COMPLEX,15481 BERING CREEK,AK,2015,2015-06-19,510136.8,9,112806.8,Natural,Natural,AK6498315355020150622,2015_2852141_TANANA AREA FIRES,65.0,-153.6,15481 BERING CREEK; SPICER CREEK; HAY SLOUGH; TOZITNA; BLIND RIVER; HARPER BEND; MOOSE POINT; JACKSON; ...
300207956,17,RUBY AREA FIRES COMPLEX,15533 BIG CREEK 2,AK,2015,2015-06-19,506070.2,12,312918.3,Natural,Natural,AK6457315474120150703,2015_2804076_RUBY AREA FIRES,64.7,-155.0,15533 BIG CREEK 2; 15601 LOST RIVER; NULATO; 15598 FLINT CREEK; TRAIL CREEK; BRUNO CREEK; KAIYUH; NULATO RIVER 2; ...
155225,18,BISCUIT COMPLEX,BISCUIT,OR,2002,2002-07-13,499945.0,1,499945.0,Natural,Natural,OR4244112390420020713,2002_OR-SIF-003_BISCUIT (FORMERLY FLORENCE),42.0,-123.9,BISCUIT
311501,19,DALL CITY,DALL CITY,AK,2004,2004-07-06,483280.0,1,483280.0,Natural,Natural,AK6628114999320040706,,66.3,-149.9,DALL CITY
302872,20,RODEO/CHEDISKI COMPLEX,RODEO,AZ,2002,2002-06-18,468863.0,2,259158.9,Human,Arson/incendiarism,AZ3423311046320020618,2002_AZ-FTA-251_RODEO/CHEDISKI COMPLEX,34.1,-110.5,RODEO; CHEDISKI
201507302,21,HOLLOWAY,HOLLOWAY,OR,2012,2012-08-05,461047.0,1,461047.0,Natural,Natural,NV4197311836620120805,2012_NV-WID-020210_HOLLOWAY,42.0,-118.4,HOLLOWAY
400305003,22,MENDOCINO COMPLEX,RANCH,CA,2018,2018-07-27,459123.0,2,410203.0,Human,Equipment and vehicle use,CA3924012311020180727,2018_9241251_MENDOCINO COMPLEX,39.2,-123.1,RANCH; RIVER
312476,23,CRAZY MOUNTAIN COMPLEX,LITTLE BLACK ONE,AK,2009,2009-06-20,447149.7,4,349449.9,Natural,Natural,AK6613014349620090620,2009_AK-UYD-000897_CRAZY MOUNTAIN COMPLEX,66.2,-143.3,LITTLE BLACK ONE; JAGGED RIDGE; BLUFF CREEK; PUZZLE GULCH
311396,24,NORTH DAG,NORTH DAG,AK,2004,2004-06-12,419884.0,1,419884.0,Natural,Natural,AK6563215247220040612,,65.7,-152.2,NORTH DAG
400311253,25,MARTIN,MARTIN,NV,2018,2018-07-05,416821.2,1,416821.2,Human,Missing data/not specified/undetermined,NV4152811742720180705,2018_9206799_MARTIN,41.5,-117.4,MARTIN
300023292,26,BUZZARD COMPLEX,SADDLE DRAW,OR,2014,2014-07-14,408949.0,5,280141.0,Natural,Natural,OR4332411821620140714,2014_634805_BUZZARD COMPLEX,43.3,-118.2,SADDLE DRAW; BUZZARD; BEAVER CREEK; TWIN RESERVIOR; BARTLETT
400629522,27,SCU LIGHTNING COMPLEX,SCU LIGHTNING COMPLEX,CA,2020,2020-08-16,396624.0,1,396624.0,Missing data/not specified/undetermined,Missing data/not specified/undetermined,CA3742412156820200816,2020_11875780_SCU LIGHTNING COMPLEX,37.4,-121.6,SCU LIGHTNING COMPLEX
26084,28,BIG TURNAROUND COMPLEX,BIG TURNAROUND,FL/GA,2007,2007-04-15,387371.6,9,191474.0,Human,Missing data/not specified/undetermined,GA3067208246020070425,2007_GA-OKR-007021_BIG TURNAROUND COMPLEX,30.8,-82.3,BIG TURNAROUND; FLORIDA BUGABOO; GA-12 (SWEAT FARM RD.); GA-14 (NORTH FARGO); FLOYDS ISLAND PRAIRIE; BUGABOO ISLAND 07-1; BURGER KING; BILL BRANCH; ...
400629321,29,CREEK,CREEK,CA,2020,2020-09-04,379895.0,1,379895.0,Human,Missing data/not specified/undetermined,CA3720111927220200905,2020_11908866_CREEK,37.2,-119.3,CREEK
400242325,30,ANDERSON CREEK FIRE,ANDERSON CREEK FIRE,OK,2016,2016-03-23,367740.0,1,367740.0,Missing data/not specified/undetermined,Missing data/not specified/undetermined,OK3692409905720160323,2016_4258135_ANDERSON CREEK FIRE,36.9,-99.1,ANDERSON CREEK FIRE
400629616,31,LNU LIGHTNING COMPLEX,HENNESSEY,CA,2020,2020-05-22,366955.8,6,305651.2,Natural,Natural,CA3850412233720200817,2020_11850821_LNU LIGHTNING COMPLEX,38.5,-122.3,HENNESSEY; WALLBRIDGE; 15-10; GAMBLE; MARKLEY; SPANISH
214224,32,SIMELS 732,SIMELS 732,AK,1997,1997-06-07,365871.0,1,365871.0,Natural,Natural,,,63.6,-157.2,SIMELS 732
400629339,33,NORTH COMPLEX,CLAREMONT,CA,2020,2020-08-17,360607.6,19,318776.0,Natural,Natural,CA3985812091220200817,2020_11865970_NORTH COMPLEX,39.9,-120.9,CLAREMONT; SHEEP; BEAR; COPPER; IRON; EVANS; DAVIS; PAXTON; ...
353807,34,MILFORD FLAT,MILFORD FLAT,UT,2007,2007-07-06,357185.0,1,357185.0,Natural,Natural,UT3868911273920070706,2007_UT-SWS-070312_MILFORD FLAT,38.6,-113.0,MILFORD FLAT
133038,35,VALLEY COMPLEX,BEAR,MT,2000,2000-07-23,347781.0,30,145040.0,Natural,Natural,MT4600611408220000731,2000_MT-BRF-11445_VALLEY COMPLEX,46.0,-114.0,BEAR; MAYNARD; MUSSIGBROD; COYOTE; TAYLOR SPRINGS; RAZOR; BLODGETT TRAILHEAD; BURKE; ...
201430122,36,MUSTANG COMPLEX,MUSTANG,ID,2012,2012-07-28,345959.1,11,275960.0,Natural,Natural,ID4542411459020120730,2012_ID-SCF-12190_MUSTANG COMPLEX,45.4,-114.6,MUSTANG; LOST PACKER; CABIN SPRING; HAMILTON; BROOMTAIL; EAST BUTTE; CAYUSE; ROAN; ...
234428,37,DUN GLEN COMPLEX,POKER BROW,NV,1999,1999-08-04,328471.3,9,231389.0,Natural,Natural,NV4050111851919990804,1999_NV-WID-J504_DUN GLEN COMPLEX,40.6,-118.5,POKER BROW; COSGRAVE; DUNGLENCOM; ROCHESTER; G VALLEY 1; CYANCO; EUGENE; SIARD RANC; ...
201430366,38,SOUTHEASTERN MONTANA COMPLEX,ASH CREEK,MT,2012,2012-06-25,325206.5,5,249562.0,Natural,Natural,MT4566910646920120625,2012_MT-NCA-000025_ASH CREEK,45.7,-106.5,ASH CREEK; TAYLOR CREEK; HORSE CREEK; POWER LINE; COAL SEAM
400142232,39,PERRYTON,PERRYTON,TX,2017,2017-03-06,318156.0,1,318156.0,Human,Missing data/not specified/undetermined,TX3608710053120170306,2017_7161319_PERRYTON,36.1,-100.5,PERRYTON
300203340,40,OKANOGAN COMPLEX,TUNK BLOCK,WA,2015,2015-08-13,317541.1,6,165883.4,Natural,Natural,WA4852611946320150814,2015_2931055_OKANOGAN COMPLEX,48.5,-119.5,TUNK BLOCK; LIME BELT; TWISP RIVER; 9 MILE; BEAVER LAKE; BLUE LAKE
201501605,41,RUSH,RUSH,CA,2012,2012-08-12,315578.8,1,315578.8,Natural,Natural,CA4062112015220120812,2012_CA-NOD-3490_RUSH,40.6,-120.1,RUSH
201337611,42,ROCK HOUSE,ROCKHOUSE FIRE,TX,2011,2011-04-09,314444.0,1,314444.0,Human,Missing data/not specified/undetermined,TX3031210406220110409,2011_TX-TXS-011080_ROCK HOUSE,30.8,-104.0,ROCKHOUSE FIRE
311099,43,MINCHUMINA GROUP,SISCHU,AK,2002,2002-06-05,312499.1,4,128983.1,Natural,Natural,AK6407715233220020605,2002_A-265_MINCHUMINA GROUP,64.1,-152.5,SISCHU; MOOSE LAKE; BIG MUD; JOHN HANSE
201120915,44,HONEY PRAIRIE COMPLEX,HONEY PRAIRIE,FL/GA,2011,2011-04-29,309214.0,2,309200.0,Natural,Natural,GA3073008236920110430,2011_GA-OKR-000001_HONEY PRAIRIE,30.7,-82.4,HONEY PRAIRIE; FL-1 (MOCCASIN SWAMP)
400505506,45,OLD GROUCH TOP,OLD GROUCH TOP,AK,2019,2019-06-05,308922.7,1,308922.7,Natural,Natural,AK6330815738820190605,2019_10664459_OLD GROUCH TOP,63.3,-152.4,OLD GROUCH TOP
214244,46,MAGITCHLIE,MAGITCHLIE,AK,1997,1997-06-10,308120.0,1,308120.0,Natural,Natural,,,63.6,-158.4,MAGITCHLIE
1474416,47,LONG BUTTE,LONG BUTTE,ID,2010,2010-08-21,306113.0,1,306113.0,Natural,Natural,ID4275711507020100821,2010_ID-TFD-100249_LONG BUTTE,42.6,-115.5,LONG BUTTE
24295,48,CASCADE COMPLEX,MONUMENTAL,ID,2007,2007-07-17,302462.3,12,174231.0,Natural,Natural,ID4475011554820070717,2007_ID-BOF-000635_CASCADE COMPLEX,44.5,-115.7,MONUMENTAL; RIORDON; NORTH FORK; SANDY; YELLOW; SKUNK; WHISKEY; MCCLURE; ...
24939,49,EAST ZONE COMPLEX,LOON LAKE,ID,2007,2007-07-07,301861.7,5,120077.0,Natural,Natural,ID4510511570820070706,2007_ID-PAF-007071_EAST ZONE COMPLEX,45.1,-115.9,LOON LAKE; ZENA CREEK; RAINES; PROFILE; HORTON
201750033,50,WHITEWATER-BALDY COMPLEX,WHITEWATER-BALDY,NM,2012,2012-05-16,297845.0,1,297845.0,Natural,Natural,NM3326710859220120509,2012_NM-GNF-000143_WHITEWATER-BALDY,33.3,-108.7,WHITEWATER-BALDY
400021621,51,LODGEPOLE COMPLEX,BRIDGE COULEE,MT,2017,2017-07-19,291185.8,4,270723.3,Natural,Natural,MT4721710790020170719,2017_7269467_LODGEPOLE COMPLEX,47.2,-107.9,BRIDGE COULEE; SOUTH BREAKS; BARKER; SQUARE BUTTE
400311640,52,RHEA,RHEA,OK,2018,2018-04-12,286196.0,1,286196.0,Human,Missing data/not specified/undetermined,OK3585009921020180412,2018_9021840_RHEA,35.8,-99.2,RHEA
300210878,53,SODA,SODA,ID,2015,2015-08-10,283180.0,1,283180.0,Natural,Natural,ID4311811696020150810,2015_2880290_SODA,43.1,-117.0,SODA
400009652,54,THOMAS,THOMAS,CA,2017,2017-12-04,281893.0,1,281893.0,Human,Missing data/not specified/undetermined,CA3442911910020171205,2017_9258165_THOMAS,34.4,-119.1,THOMAS
165380,55,CEDAR,CEDAR,CA,2003,2003-10-25,280059.0,1,280059.0,Human,Recreation and ceremony,CA3293911676620031025,2003_CA-CNF-003056_CEDAR,33.0,-116.7,CEDAR
300218404,56,SUSHGITIT HILLS,15449 SUSHGITIT HILLS,AK,2015,2015-06-21,276038.1,1,276038.1,Natural,Natural,AK6603215302220150621,2015_2794179_SUSHGITIT HILLS,65.8,-153.5,15449 SUSHGITIT HILLS
311479,57,BONANZA CREEK,BONANZA CK,AK,2004,2004-06-28,265919.9,1,265919.9,Natural,Natural,AK6457815738420040628,,64.5,-157.2,BONANZA CK
311110,58,GESKAKMINA LAKE,GESKAKMINA,AK,2002,2002-06-08,257549.0,1,257549.0,Natural,Natural,AK6452215036320020608,2002_A-283_GESKAKMINA LAKE,64.6,-150.5,GESKAKMINA
312185,59,ANAKTUVUK RIVER,ANAKTUVUK RIVER,AK,2007,2007-07-16,256734.1,1,256734.1,Natural,Natural,AK6913315063620070716,,69.0,-150.8,ANAKTUVUK RIVER
300028685,60,CARLTON COMPLEX,CARLTON,WA,2014,2014-07-14,256154.0,5,255575.0,Natural,Natural,WA4821112010220140714,2014_638842_CARLTON COMPLEX,48.5,-120.1,CARLTON; RISING EAGLE ROAD; GOLDEN HIKE; COUGAR FLATS; FRENCH CREEK
414914,61,CAVE CREEK COMPLEX,HUMBOLDT,AZ,2005,2005-06-21,256050.0,2,248310.0,Natural,Natural,AZ3424311187720050621,2005_AZ-TNF-104/113_CAVE CREEK COMPLEX,34.0,-111.8,HUMBOLDT; CAVE CREEK COMPLEX
201766413,62,RIM,RIM,CA,2013,2013-08-17,255858.0,1,255858.0,Human,Missing data/not specified/undetermined,CA3785712008620130817,2013_CA-STF-002857_RIM,37.9,-120.1,RIM
300207909,63,ANIAK COMPLEX,WHITEFISH LAKE 1,AK,2015,2015-05-31,255781.5,8,67778.0,Natural,Natural,AK6138116038420150601,2015_2800235_ANIAK COMPLEX,61.4,-160.4,WHITEFISH LAKE 1; 15547 NORTH ANIAK; 15391 FOG RIVER; 15596 OPHIR CREEK; 15233 BOGUS CREEK; KWETHLUK RIVER 2; VILLAGE CREEK; MISSION CREEK
311665,64,NELSON MOUNTAIN,NELSON MT,AK,2005,2005-06-13,244599.7,1,244599.7,Natural,Natural,AK6683814816920050613,,66.7,-148.1,NELSON MT
27729,65,BASIN COMPLEX,BASIN COMPLEX,CA,2008,2008-06-08,244196.0,2,162818.0,Natural,Natural,CA3621212157820080621,2008_CA-LPF-1649_BASIN COMPLEX,36.3,-121.7,BASIN COMPLEX; INDIANS
24951,66,ZACA,ZACA,CA,2007,2007-07-04,240207.0,1,240207.0,Human,Equipment and vehicle use,CA3469511965920070704,2007_CA-LPF-001087_ZACA TWO,34.8,-120.1,ZACA
342321,67,WINTERS,WINTERS,NV,2006,2006-07-25,238462.6,1,238462.6,Natural,Natural,NV4142111667920060725,2006_NV-WID-2006-2187_WINTERS,41.4,-116.9,WINTERS
311815,68,SALMON FORK,SALMON FK,AK,2005,2005-07-19,236701.5,1,236701.5,Natural,Natural,AK6640514222320050719,,66.5,-142.2,SALMON FK
201764013,69,SILVER,SILVER,NM,2013,2013-06-07,234000.0,1,234000.0,Natural,Natural,NM3288810780920130607,2013_NM-GNF-000230_SILVER,32.9,-107.8,SILVER
400301145,70,SOUTH SUGARLOAF,SOUTH SUGARLOAF,NV,2018,2018-08-17,233458.3,1,233458.3,Natural,Natural,NV4181211632420180817,2018_9254001_SOUTH SUGARLOAF,41.8,-116.3,SOUTH SUGARLOAF
214534,71,KEVINJIK,KEVINJIK,AK,1999,1999-06-20,232828.0,1,232828.0,Natural,Natural,AK6667114200419990620,,66.8,-142.2,KEVINJIK
311713,72,OLD DUMMY,OLD DUMMY,AK,2005,2005-06-16,231821.8,1,231821.8,Natural,Natural,AK6614015193120050616,,66.2,-152.0,OLD DUMMY
400302960,73,CARR,CARR,CA,2018,2018-07-23,229651.0,1,229651.0,Human,Equipment and vehicle use,CA4065012263020180723,2018_9236519_CARR,40.7,-122.6,CARR
230601,74,SADLER COMPLEX,SADLER,NV,1999,1999-08-04,228103.0,4,199288.0,Natural,Natural,NV4034111594019990805,1999_NV-EKD-693_SADLER COMPLEX,40.2,-116.0,SADLER; HORSECREEK; PINEY; TABLE MTN
311139,75,REINDEER,REINDEER,AK,2002,2002-07-17,226833.0,1,226833.0,Natural,Natural,AK6232015915020020717,2002_A-424_REINDEER,62.4,-158.9,REINDEER
400626258,76,PEARL HILL,PEARL HILL,WA,2020,2020-09-07,223731.0,1,223731.0,Missing data/not specified/undetermined,Missing data/not specified/undetermined,WA4805611948420200907,2020_11902323_PEARL HILL,48.1,-119.5,PEARL HILL
20026572,77,HORSESHOE 2,HORSESHOE 2,AZ,2011,2011-05-08,222954.0,1,222954.0,Human,Missing data/not specified/undetermined,AZ3182010921120110508,2011_AZ-CNF-011047_HORSESHOE 2,31.8,-109.2,HORSESHOE 2
27801,78,KLAMATH THEATER,MILL,CA,2008,2008-06-20,221270.2,17,65834.0,Natural,Natural,CA4161412365820080621,2008_CA-KNF-3393_KLAMATH THEATER,41.6,-123.6,MILL; PANTHER; JAKE; BLUE 2; HAYPRESS; CARIBOU; DARK; MERRILL; ...
336505,79,CRYSTAL,CRYSTAL,ID,2006,2006-08-15,220042.1,1,220042.1,Natural,Natural,ID4310411315820060815,2006_ID-IFD-000029_CRYSTAL,43.0,-113.2,CRYSTAL
706908,80,GLASS,GLASS,TX,2008,2008-02-25,220000.0,1,220000.0,Human,Missing data/not specified/undetermined,TX3160710111020080225,2008_TX-TXS-88071_GLASS FIRE,31.7,-101.0,GLASS
300217045,81,NORTH STAR,NORTH STAR,WA,2015,2015-08-13,218138.0,1,218138.0,Human,Equipment and vehicle use,WA4833811900220150813,2015_2867919_NORTH STAR,48.3,-119.0,NORTH STAR
213622,82,332557,332557,AK,1993,1993-07-14,215360.0,1,215360.0,Natural,Natural,AK6583214355319930714,,65.9,-143.6,332557
300218151,83,HOLTNAKATNA,15539 HOLTNAKATNA,AK,2015,2015-06-22,213254.1,1,213254.1,Natural,Natural,AK6518415621520150623,2015_2736460_HOLTNAKATNA,65.2,-156.2,15539 HOLTNAKATNA
201502937,84,KINYON ROAD,KINYON ROAD,ID,2012,2012-07-07,210874.0,1,210874.0,Natural,Natural,ID4245311502520120707,2012_ID-TFD-000263_KINYON ROAD,42.5,-115.0,KINYON ROAD
400639035,85,CAMERON PEAK,CAMERON PEAK,CO,2020,2020-08-13,208913.0,1,208913.0,Human,Missing data/not specified/undetermined,CO4060910587920200813,2020_11856938_CAMERON PEAK,40.6,-105.9,CAMERON PEAK
12900,86,DERBY,DERBY,MT,2006,2006-08-22,207115.0,1,207115.0,Natural,Natural,MT4559210981020060822,2006_MT-GNF-000047_DERBY FIRE,45.5,-109.9,DERBY
228178,87,COXS WELL,COX'S WELL,ID,1996,1996-08-27,206202.6,1,206202.6,Natural,Natural,ID4318311309619960827,,43.2,-113.2,COX'S WELL
400024139,88,ROOSTERS COMB,ROOSTERS COMB,NV,2017,2017-07-09,204947.6,1,204947.6,Natural,Natural,NV4094111678720170709,2017_7389261_ROOSTERS COMB,40.9,-116.8,ROOSTERS COMB
400631960,89,LIONSHEAD,LIONSHEAD,OR,2020,2020-08-16,204469.0,1,204469.0,Natural,Natural,OR4472312167920200817,2020_11837476_LIONSHEAD,44.7,-121.7,LIONSHEAD
201770071,90,LIME HILLS,LIME HILLS,AK,2013,2013-05-31,201808.2,1,201808.2,Natural,Natural,AK6145515569120130531,2013_AK-SWS-304144_LIME HILLS,61.5,-155.7,LIME HILLS
26492,91,WITCH,WITCH,CA,2007,2007-10-21,197990.0,1,197990.0,Human,Power generation/transmission/distribution,CA3307911676620071021,2007_CA-MVU-010432_WITCH,33.1,-116.7,WITCH
300006994,92,FUNNY RIVER,140 FUNNY RIVER,AK,2014,2014-05-19,196722.2,1,196722.2,Missing data/not specified/undetermined,Missing data/not specified/undetermined,AK6043915096220140520,2014_417525_FUNNY RIVER,60.4,-151.0,140 FUNNY RIVER
311827,93,HOLTNATKATNA CREEK,HOLTNATKATNA CREEK,AK,2005,2005-07-25,194015.2,1,194015.2,Natural,Natural,AK6498315643420050725,,65.0,-156.2,HOLTNATKATNA CREEK
400639339,94,EAST TROUBLESOME,EAST TROUBLESOME,CO,2020,2020-10-14,193812.0,1,193812.0,Human,Recreation and ceremony,CO4020310623920201014,2020_11966782_EAST TROUBLESOME,40.2,-106.2,EAST TROUBLESOME
400631999,95,BEACHIE CREEK,BEACHIE CREEK,OR,2020,2020-08-16,193573.0,1,193573.0,Missing data/not specified/undetermined,Missing data/not specified/undetermined,OR4482112218820200816,2020_11887587_BEACHIE CREEK,44.8,-122.2,BEACHIE CREEK
400636472,96,BUSH,BUSH,AZ,2020,2020-06-13,193455.0,1,193455.0,Human,Equipment and vehicle use,AZ3362611156220200613,2020_11721706_BUSH,33.6,-111.6,BUSH
311647,97,LITTLE MUD 2,LIT MUD 2,AK,2005,2005-06-11,193399.8,1,193399.8,Natural,Natural,AK6473615334020050611,,64.8,-153.5,LIT MUD 2
336644,98,CLOVER,CLOVER,ID,2005,2005-07-15,192846.1,1,192846.1,Natural,Natural,ID4263011521720050715,2005_ID-TFD-B0H9_CLOVER,42.6,-115.5,CLOVER
377877,99,HADWEENZIC,HADWEENZIC,AK,2003,2003-06-24,192489.0,1,192489.0,Natural,Natural,AK6693014731220030624,,66.8,-147.3,HADWEENZIC
311822,100,RABBIT MOUNTAIN,RABBIT MT,AK,2005,2005-07-24,191444.4,1,191444.4,Natural,Natural,AK6761114190620050724,,67.5,-142.0,RABBIT MT
400008336,101,CHETCO BAR,CHETCO BAR,OR,2017,2017-07-12,191125.0,1,191125.0,Natural,Natural,OR4229712395420170712,2017_7265708_CHETCO BAR,42.3,-124.0,CHETCO BAR
311706,102,NORTH BONANZA,N BONANZA,AK,2005,2005-06-16,190942.3,1,190942.3,Natural,Natural,AK6671415065320050616,,66.7,-150.5,N BONANZA
400630031,103,COLD SPRINGS,COLD SPRINGS,WA,2020,2020-09-06,189923.0,1,189923.0,Missing data/not specified/undetermined,Missing data/not specified/undetermined,WA4836011949320200907,2020_11901760_COLD SPRINGS,48.4,-119.5,COLD SPRINGS
311078,104,VINASALE,VINASALE,AK,2002,2002-05-22,189688.0,1,189688.0,Human,Arson/incendiarism,AK6268315550920020522,2002_204167_VINASALE,62.7,-155.7,VINASALE
400002883,105,PIONEER,PIONEER,ID,2016,2016-07-18,188404.0,1,188404.0,Human,Missing data/not specified/undetermined,ID4395011576220160718,2016_4416704_PIONEER,44.0,-115.8,PIONEER
342490,106,WINECUP COMPLEX,WEST FORK,NV/UT,2007,2007-07-15,186042.7,8,154973.0,Natural,Natural,NV4176911415120070718,2007_NV-EKD-000790_WINECUP COMPLEX,41.8,-114.2,WEST FORK; DAIRY VALLEY; BLACK MOUNTAIN; FIVE MILE; HARDESTY CREEK; DIVISION CANYON 2; DIVISION CANYON 1; LITTLE CEDAR
400505657,107,HESS CREEK,HESS CREEK,AK,2019,2019-06-21,182908.0,1,182908.0,Natural,Natural,AK6569814836520190622,2019_10780057_HESS CREEK,65.7,-148.4,HESS CREEK
201433356,108,HALSTEAD,HALSTEAD,ID,2012,2012-07-27,181948.0,1,181948.0,Natural,Natural,ID4444511516620120727,2012_ID-SCF-012151_HALSTEAD,44.4,-115.2,HALSTEAD
342362,109,CHARLESTON COMPLEX,CHARLESTON,NV,2006,2006-08-14,181810.4,6,141707.4,Natural,Natural,NV4143111542120060815,2006_NV-EKD-001074_CHARLESTON COMPLEX,41.6,-115.5,CHARLESTON; GOPHER; SUGARLOAF 1; SUGARLOAF 2; NORTH OF BEAVER; BEAVER
133139,110,CLEAR CREEK COMPLEX,CLEAR CREEK,ID/MT,2000,2000-07-10,181740.0,3,172135.0,Natural,Natural,ID4519911434120000710,2000_ID-SCF-P46044_CLEAR CREEK COMPLEX,45.2,-114.5,CLEAR CREEK; MARLIN SPRINGS; PINE GULCH
69100,111,CORRAL CREEK-BLACKWELL COMPLEX,CORRAL CREEK,ID,1994,1994-08-02,181579.2,9,115659.0,Natural,Natural,ID4515511602719940802,,45.1,-116.2,CORRAL CREEK; BLACKWELL; BRUSH LAKE; BLACKWELL; SISTERS; YACKWAH; HARD CREEK; SLAB CREEK; ...
68272,112,IDAHO CITY COMPLEX,RABBIT CREEK #1,ID,1994,1994-07-28,180156.7,7,146400.0,Natural,Natural,ID4392811541119940728,,43.8,-115.6,RABBIT CREEK #1; STAR GULCH; BANNOCK CREEK; NORTHFORK #1; EDAHO; nan; nan
230497,113,UPPER HUMBOLDT COMPLEX,DUTCH FLAT,NV,1996,1996-08-12,179811.0,9,67643.0,Natural,Natural,NV4115111737319960826,,41.1,-117.5,DUTCH FLAT; SLAVEN II; GETCHELL; HUMBOLDT; N CHIMNEY; OREGON; 2 FORKS; FIRE CYN; ...
336128,114,EASTERN IDAHO COMPLEX,COFFEE PNT,ID,2000,2000-07-13,179709.0,11,68952.0,Natural,Natural,ID4321711283720000726,2000_ID-IFD-F851_EASTERN IDAHO COMPLEX,43.2,-112.9,COFFEE PNT; FLAT TOP; TIN CUP; FISHER SPG; MOONSHINE; SUPPON CRK; RATTLESNAK; GENTILE VALLEY; ...
228780,115,RICHFIELDS,RICHFIELDS,ID,1996,1996-07-03,178459.0,1,178459.0,Natural,Natural,ID4304711393919960703,,43.1,-114.1,RICHFIELDS
45640,116,FOOTHILLS,FOOTHILLS,ID,1992,1992-08-19,177544.0,1,177544.0,Natural,Natural,ID4351911570619920819,,43.5,-115.7,FOOTHILLS
234434,117,JUNGO COMPLEX,SOMBRERO,NV,1999,1999-08-04,177445.7,4,80448.3,Natural,Natural,NV4114511803919990804,1999_NV-WID-0149_JUNGO COMPLEX,41.1,-118.2,SOMBRERO; DENIO COM; JUNGO COM; DENIO N
400513851,118,MULLEN,MULLEN,WY,2020,2020-09-17,176878.0,1,176878.0,Missing data/not specified/undetermined,Missing data/not specified/undetermined,WY4117610642220200917,2020_11917747_MULLEN,41.2,-106.4,MULLEN
398734,119,CAMP CREEK,CAMP CREEK,AK,2004,2004-06-23,175815.0,1,175815.0,Natural,Natural,AK6455214506920040623,2004_AK-DAS-412312_CAMP CREEK,64.3,-145.2,CAMP CREEK
15346,120,TRIPOD COMPLEX,TRIPOD COMPLEX,WA,2006,2006-07-03,175184.0,2,113011.0,Natural,Natural,WA4853211998720060724,2006_WA-OWF-398_TRIPOD COMPLEX,48.5,-120.0,TRIPOD COMPLEX; SPUR PEAK
400628365,121,SQF COMPLEX,CASTLE,CA,2020,2020-08-19,175019.0,2,174178.0,Natural,Natural,CA3616111845220200819,2020_11801418_SQF COMPLEX,34.9,-118.9,CASTLE; SHOTGUN
201337815,122,DEATON COLE,DEATON COLE FIRE,TX,2011,2011-04-25,175000.0,1,175000.0,Human,Missing data/not specified/undetermined,TX3016310124720110425,2011_TX-TXS-011125_DEATON COLE,30.2,-101.2,DEATON COLE FIRE
400632017,123,HOLIDAY FARM,HOLIDAY FARM,OR,2020,2020-09-07,173393.0,1,173393.0,Missing data/not specified/undetermined,Missing data/not specified/undetermined,OR4417212223120200908,2020_11926606_HOLIDAY FARM,44.2,-122.2,HOLIDAY FARM
311632,124,CHAPMAN CREEK,CHAPMAN CK,AK,2005,2005-05-30,172320.8,1,172320.8,Natural,Natural,AK6707615031720050530,2005_AK-TAD-000164_CHAPMAN CREEK,67.1,-150.2,CHAPMAN CK
400031182,125,RANGE 12,RANGE 12,WA,2016,2016-07-30,171915.0,1,171915.0,Human,Equipment and vehicle use,WA4659912020320160731,2016_4372632_RANGE 12,46.6,-120.1,RANGE 12
1472493,126,TOKLAT 2,TOKLAT,AK,2010,2010-05-16,171726.6,1,171726.6,Natural,Natural,AK6434715059120100604,2010_AK-TAD-000128_TOKLAT,64.5,-150.3,TOKLAT
312533,127,BIG CREEK,BIG CREEK,AK,2009,2009-07-18,169638.7,1,169638.7,Natural,Natural,AK6604514658820090718,2009_AK-UYD-000458_BIG CREEK,65.9,-146.8,BIG CREEK
230608,128,BATTLE MOUNTAIN COMPLEX,ANTELOPE 2,NV,1999,1999-08-04,169587.3,4,139754.6,Natural,Natural,NV3984111739119990804,1999_NV-BWD-K906_BATTLE MTN. COMPLEX,39.9,-117.3,ANTELOPE 2; MULECANYON; CEDAR 2; CEDARS
201504808,129,ROSEBUD CREEK COMPLEX,ROSEBUD COMPLEX,MT,2012,2012-07-31,168560.3,8,152261.1,Natural,Natural,MT4573810684020120801,2012_MT-EAS-000007_ROSEBUD CREEK COMPLEX,46.2,-106.2,ROSEBUD COMPLEX; SWEENEY; JUNIPER; BEAVER; BIG JOHN; SAND CREEK; EAST; MITCHELL
400505512,130,SWAN LAKE,SWAN LAKE,AK,2019,2019-06-05,167182.9,1,167182.9,Natural,Natural,AK6063115043820190605,2019_10665633_SWAN LAKE,60.6,-150.4,SWAN LAKE
311747,131,BEAVER CREEK,BEAVER CR,AK,2005,2005-06-20,166438.6,1,166438.6,Natural,Natural,AK6560814764620050620,2005_AK-UYD-000320_BEAVER CREEK,65.7,-147.5,BEAVER CR
312520,132,TITNA RIVER,TITNA RIVER,AK,2009,2009-07-11,164541.9,1,164541.9,Natural,Natural,AK6436515258220090711,2009_AK-TAD-000420_TITNA RIVER,64.4,-152.7,TITNA RIVER
310936,133,ZITZIANA,ZITZIANA,AK,2000,2000-06-13,164387.0,1,164387.0,Natural,Natural,AK6467315092520000613,2000_AK-TAD-A238_ZITZIANA,64.7,-151.2,ZITZIANA
312402,134,TONCLONUKNA CREEK,TONCLONUKNA CREEK,AK,2009,2009-05-23,164318.0,1,164318.0,Natural,Natural,AK6335015356320090523,2009_AK-SWS-904152_TONCLONUKNA CREEK,63.2,-153.3,TONCLONUKNA CREEK
375430,135,24 COMMAND,24 COMMAND,WA,2000,2000-06-27,163884.0,1,163884.0,Human,Equipment and vehicle use,WA4645511957720000627,2000_WA-SPD-CBR_COMMAND 24,46.6,-119.8,24 COMMAND
311581,136,HODZANA RIVER,HODZANA RV,AK,2004,2004-08-12,163239.0,1,163239.0,Natural,Natural,AK6662314932320040812,,66.7,-148.8,HODZANA RV
14907,137,DAY,DAY,CA,2006,2006-09-04,162702.0,1,162702.0,Human,Debris and open burning,CA3461511897120060904,2006_CA-LPF-2023_DAY,34.6,-118.8,DAY
201337639,138,COOPER MOUNTAIN RANCH,COOPER MOUNTAIN RANCH FIRE,TX,2011,2011-04-11,162625.0,1,162625.0,Natural,Natural,TX3298710081820110411,2011_TX-TXS-011088_COOPER MOUNTAIN RANCH,33.0,-100.8,COOPER MOUNTAIN RANCH FIRE
201508153,139,MILLER HOMESTEAD,MILLER HOMESTEAD,OR,2012,2012-07-08,160801.0,1,160801.0,Natural,Natural,OR4281911917520120708,2012_OR-BUD-20072_MILLER HOMESTEAD,42.8,-119.2,MILLER HOMESTEAD
41500,140,STATION,STATION,CA,2009,2009-08-26,160371.0,1,160371.0,Human,Arson/incendiarism,CA3432711813620090826,2009_CA-ANF-003622_STATION,34.2,-118.2,STATION
19425,141,ANTELOPE COMPLEX,RAVEN,CA/NV,2007,2007-07-05,158465.0,16,40012.0,Natural,Natural,NV4011611706720070716,2007_NV-BMD-000311_ANTELOPE COMPLEX,39.9,-117.3,RAVEN; DUNPHY; ELEPHANT HEAD; CAIN MT; WHEELER; PARIS; CARICO; DAVIS; ...
201337634,142,WILDCAT,WILDCAT FIRE,TX,2011,2011-04-10,158308.0,1,158308.0,Natural,Natural,TX3179610058220110411,2011_TX-TXS-011087_WILDCAT,31.8,-100.6,WILDCAT FIRE
131651,143,DIAMOND COMPLEX,DIAMOND POINT,ID,2000,2000-07-31,158302.0,2,149772.0,Natural,Natural,ID4505611489120000731,2000_ID-PAF-014_DIAMOND COMPLEX,45.2,-115.2,DIAMOND POINT; SOUTH SHELLROCK
176981,144,STATE FIRE,STATE FIRE,FL,1999,1999-04-19,158000.0,1,158000.0,Human,Arson/incendiarism,FL2623708064719990419,,26.2,-80.8,STATE FIRE
201770092,145,UNNAMED,MOORE CREEK,AK,2013,2013-05-31,157747.3,1,157747.3,Natural,Natural,AK6245215694220130612,2013_AK-SWS-304140_MOORE CREEK,62.5,-156.8,MOORE CREEK
400633284,146,SLATER,SLATER,CA,2020,2020-09-08,157270.0,1,157270.0,Missing data/not specified/undetermined,Missing data/not specified/undetermined,CA4185812335420200908,2020_11930517_SLATER,41.9,-123.4,SLATER
201178356,147,LAS CONCHAS,LAS CONCHAS,NM,2011,2011-06-26,156593.0,1,156593.0,Human,Power generation/transmission/distribution,NM3581210654120110626,2011_NM-N6S-000451-N_LAS CONCHAS,35.8,-106.5,LAS CONCHAS
400024147,148,FOUR SEASONS COMPLEX,SNOWSTORM,NV,2017,2017-07-14,156307.8,3,154456.1,Natural,Natural,NV4137211687120170714,2017_7164660_FOUR SEASONS COMPLEX,41.4,-116.9,SNOWSTORM; CORNUCOPIA; 4 MILE RIDGE
311641,149,KANDIK RIVER,KANDIK R,AK,2005,2005-06-11,154431.6,1,154431.6,Natural,Natural,AK6581814150820050611,,65.8,-141.2,KANDIK R
400307281,150,CAMP,CAMP,CA,2018,2018-11-08,153336.0,1,153336.0,Human,Power generation/transmission/distribution,CA3982012144020181108,2018_9220077_CAMP,39.8,-121.4,CAMP
311154,151,YETNA RIVER,YETNA RIVR,AK,2002,2002-07-18,152962.0,1,152962.0,Natural,Natural,AK6277215826720020718,,62.8,-158.4,YETNA RIVR
201764863,152,PONY COMPLEX,MUDD,ID,2013,2013-08-08,152881.1,5,135231.0,Natural,Natural,ID4329411554820130809,2013_ID-BOD-001047_PONY COMPLEX,43.3,-115.7,MUDD; LONG TOM; MM111 HWY20; DIXIE; PONY COMPLEX
400031510,153,WEST MIMS,WEST MIMS,FL,2017,2017-04-07,152515.0,1,152515.0,Natural,Natural,GA3057408232320170406,2017_7136929_WEST MIMS,30.6,-82.3,WEST MIMS
300204541,154,ROUGH,ROUGH,CA,2015,2015-07-31,151623.0,1,151623.0,Natural,Natural,CA3687411890520150801,2015_2770813_ROUGH,36.9,-118.9,ROUGH
153920,155,MCNALLY,MCNALLY,CA,2002,2002-07-21,150696.0,1,150696.0,Human,Recreation and ceremony,CA3606711840020020721,2002_CA-SQF-1888_MCNALLY,35.9,-118.5,MCNALLY
342408,156,SHEEP,SHEEP,NV,2006,2006-09-03,150270.7,1,150270.7,Natural,Natural,NV4104111664720060903,2006_NV-EKD-001211_SHEEP,40.8,-116.7,SHEEP
300208149,157,ISAHULTILA,ISAHULTILA,AK,2015,2015-06-21,149359.3,1,149359.3,Natural,Natural,AK6586915468120150622,2015_2813885_ISAHULTILA,65.9,-154.7,ISAHULTILA
228611,158,BLACK RIDGE,BLACKRIDGE,ID,1992,1992-08-02,149250.0,1,149250.0,Natural,Natural,ID4308811381819920802,,43.1,-113.9,BLACKRIDGE
400006263,159,RICE RIDGE,RICE RIDGE,MT,2017,2017-07-24,147529.0,1,147529.0,Natural,Natural,MT4726811348520170724,2017_7235324_RICE RIDGE,47.3,-113.5,RICE RIDGE
29278,160,YOLLA BOLLY COMPLEX 2008,YELLOW,CA,2008,2008-06-20,146845.6,55,32250.0,Natural,Natural,CA3339211745520080702,2008_CA-SHF-1041_LIME COMPLEX,40.1,-123.1,YELLOW; LIME; MINERS; VINEGAR; NOBLE; DEERLICK; TELEPHONE; GROUSE; ...
201432957,161,TRINITY RIDGE,TRINITY RIDGE,ID,2012,2012-08-03,146832.0,1,146832.0,Human,Equipment and vehicle use,ID4371111536820120803,2012_ID-BOF-000628_TRINITY RIDGE,43.7,-115.4,TRINITY RIDGE
400633410,162,RED SALMON COMPLEX,RED,CA,2020,2020-07-27,143197.0,2,142386.0,Natural,Natural,CA4118512343320200728,2020_11740185_RED SALMON COMPLEX,41.2,-123.5,RED; SALMON
95990,163,LEAMINGTON COMPLEX,WASH,UT,1996,1996-08-01,142767.3,7,89148.9,Natural,Natural,UT3978911229219960802,,39.6,-112.1,WASH; LEAMINGTON; EAST SAGE; SARAH; TURKEY; LITTLE WILD HORSE; JUMP 88
300207939,164,ROCK,ROCK,AK,2015,2015-06-19,142650.4,1,142650.4,Natural,Natural,AK6598315436620150619,2015_2718664_ROCK,66.0,-154.0,ROCK
133386,165,SALMON CHALLIS WILDERNESS COMPLEX,LITTLE PISTOL,ID,2000,2000-07-31,141835.5,11,63760.0,Natural,Natural,ID4475111519220000811,2000_ID-SCF-P46032_SCF WILDERNESS COMPLEX,44.8,-115.3,LITTLE PISTOL; BUTTS; APAREJO; FILLY; SHORT CREEK II; PACKER MEADOWS; PAPOOSE; NORTON RIDGE; ...
310943,166,BERING CREEK,BERING CREEK,AK,2000,2000-06-14,141497.0,1,141497.0,Natural,Natural,AK6500015308820000614,2000_AK-TAD-A247_BERING CREEK,64.9,-153.4,BERING CREEK
21497,167,EGLEY COMPLEX,EGLEY,OR,2007,2007-07-06,141235.7,5,55420.0,Natural,Natural,OR4382211938920070706,2007_OR-BFZ-7148_EGLEY COMPLEX,43.7,-119.4,EGLEY; BEAR CANYON FIRE; SILVER FIRE; BALD BUTTE; EGLEY SOUTH
312453,168,ZITZIANA,ZITZIANA,AK,2009,2009-06-17,141125.7,1,141125.7,Natural,Natural,AK6446715114520090617,2009_AK-TAD-000284_ZITZIANA,64.5,-151.3,ZITZIANA
201503107,169,FLAT TOP 2,FLAT TOP 2,ID,2012,2012-08-05,140954.0,1,140954.0,Natural,Natural,ID4295911374920120805,2012_ID-TFD-000424_FLAT TOP 2,43.0,-113.7,FLAT TOP 2
28710,170,IRON & ALPS COMPLEXES,IRON,CA,2008,2008-06-20,140641.3,30,32903.0,Natural,Natural,CA4009612297920080621,2008_CA-SHF-1057_IRON & ALPS COMPLEXES,40.1,-122.9,IRON; EAGLE; BUCKHORN; CEDAR; IRONSIDE; CAREY; ZEIGLER; GRANITE; ...
339487,171,BLACK PULASKI COMPLEX,BLACK PULASKI COMPLEX,MT,2006,2006-07-16,140292.0,2,117292.0,Natural,Natural,MT4754010748920060717,2006_MT-MCD-071_BLACK PULASKI COMPLEX,47.7,-106.8,BLACK PULASKI COMPLEX; SODA CREEK FIRE
73905,172,TYEE CREEK,TYEE CREEK,WA,1994,1994-07-24,140000.0,1,140000.0,Natural,Natural,WA4781512037419940724,,47.8,-120.3,TYEE CREEK
400640757,173,PINE GULCH,PINE GULCH,CO,2020,2020-07-31,139007.0,1,139007.0,Natural,Natural,CO3933610852620200731,2020_11776240_PINE GULCH,39.3,-108.5,PINE GULCH
400632001,174,RIVERSIDE,RIVERSIDE,OR,2020,2020-09-08,138054.0,1,138054.0,Human,Missing data/not specified/undetermined,OR4504912206220200908,2020_11941464_RIVERSIDE,45.0,-122.1,RIVERSIDE
155922,175,HAYMAN,HAYMAN,CO,2002,2002-06-08,137760.0,1,137760.0,Human,Missing data/not specified/undetermined,CO3922010528720020608,2002_CO-PSF-404_HAYMAN,39.1,-105.4,HAYMAN
295052,176,KATE'S BASIN COMPLEX,KATES BASIN,WY,2000,2000-08-07,137069.0,1,137069.0,Natural,Natural,WY4354410851720000807,2000_WY-WRA-119_KATE'S BASIN COMPLEX,43.3,-108.6,KATES BASIN
311500,177,EVANSVILLE,EVANSVILLE,AK,2004,2004-07-06,135627.0,1,135627.0,Natural,Natural,AK6687815131320040706,2004_AK-TAD-000009_EVANSVILLE,66.9,-151.5,EVANSVILLE
400142021,178,LEFORS EAST,LEFORS EAST,TX,2017,2017-03-07,135000.0,1,135000.0,Human,Missing data/not specified/undetermined,TX3531810053920170307,2017_7145573_LEFORS EAST,35.3,-100.5,LEFORS EAST
311836,179,PAPA WILLIE COMPLEX,PAPA WILLIE,AK,2005,2005-07-26,133025.3,2,117211.0,Natural,Natural,AK6369115895720050726,,63.6,-159.1,PAPA WILLIE; MENOTL EAS
400310945,180,GOOSE CREEK,GOOSE CREEK,NV,2018,2018-07-26,132216.5,1,132216.5,Natural,Natural,NV4180711406520180726,2018_9188171_GOOSE CREEK,41.8,-114.1,GOOSE CREEK
228384,181,MULE BUTTE,MULE BUTTE,ID,1999,1999-08-03,132208.0,1,132208.0,Natural,Natural,ID4304511327219990803,1999_ID-IFD-F669_MULE BUTTE,43.1,-113.4,MULE BUTTE
400003169,182,SOBERANES,SOBERANES,CA,2016,2016-07-22,132127.0,1,132127.0,Human,Recreation and ceremony,CA3646112190120160722,2016_4327598_SOBERANES,36.5,-121.9,SOBERANES
311823,183,COLEEN MOUNTAIN,COLEEN MT,AK,2005,2005-07-24,131913.3,1,131913.3,Natural,Natural,AK6718214232420050724,2005_AK-UYD-000495_COLEEN MOUNTAIN,67.2,-142.7,COLEEN MT
400633169,184,ARCHIE CREEK,ARCHIE CREEK,OR,2020,2020-09-08,131542.0,1,131542.0,Missing data/not specified/undetermined,Missing data/not specified/undetermined,OR4333412278820200908,2020_11934511_ARCHIE CREEK,43.3,-122.8,ARCHIE CREEK
201761973,185,ELK COMPLEX,VILLAGE,ID,2013,2013-08-08,130960.0,2,129730.0,Natural,Natural,ID4334011550020130809,2013_ID-BOF-001053_ELK COMPLEX,43.3,-115.5,VILLAGE; PIERCE
339047,186,MISSOURI BREAKS COMPLEX,MISSOUBRKS,MT,2003,2003-07-16,127859.0,3,125900.0,Natural,Natural,MT4751410764220030719,2003_MT-MCD-000102_MISSOURI BREAKS COMPLEX,47.6,-107.5,MISSOUBRKS; BIG COULEE; GHOST COULEE
400009841,187,DIAMOND CREEK,DIAMOND CREEK,WA,2017,2017-07-23,127498.0,1,127498.0,Human,Missing data/not specified/undetermined,WA4885512041420170723,2017_7216628_DIAMOND CREEK,48.9,-120.4,DIAMOND CREEK
400630303,188,WHITNEY,WHITNEY,WA,2020,2020-09-07,127430.0,1,127430.0,Human,Power generation/transmission/distribution,WA4770711826020200907,2020_11903764_WHITNEY,47.7,-118.3,WHITNEY
201337613,189,PK COMPLEX,PK COMPLEX,TX,2011,2011-04-09,126734.0,1,126734.0,Natural,Natural,TX3289209866620110413,2011_TX-TXS-011029_PK COMPLEX,32.8,-98.5,PK COMPLEX
312438,190,NOWITNA,NOWITNA,AK,2009,2009-06-13,126581.6,1,126581.6,Natural,Natural,AK6418515356620090613,2009_AK-TAD-000256_NOWITNA,64.2,-153.9,NOWITNA
312524,191,WOOD RIVER 1,WOOD RIVER 1,AK,2009,2009-07-12,125381.6,1,125381.6,Natural,Natural,AK6445414789820090712,2009_AK-MID-000425_WOOD RIVER 1,64.3,-148.0,WOOD RIVER 1
400629525,192,DOLAN,DOLAN,CA,2020,2020-08-18,124924.0,1,124924.0,Missing data/not specified/undetermined,Missing data/not specified/undetermined,CA3612312160220200819,2020_11825368_DOLAN,36.1,-121.6,DOLAN
118826,193,BIG BAR COMPLEX,MEGRAM,CA,1999,1999-08-23,124898.0,1,124898.0,Natural,Natural,CA4104812343519990823,1999_CA-SHF-6588_BIG BAR COMPLEX,41.1,-123.4,MEGRAM
377163,194,BLACKJACK BAY COMPLEX,BJ-BAYCOMP,GA,2002,2002-05-03,124110.0,1,124110.0,Natural,Natural,GA3068508231820020503,2002_GA-OKR-02004_BLACKJACK BAY COMPLEX,30.7,-82.3,BJ-BAYCOMP
400504376,195,WOODBURY,WOODBURY,AZ,2019,2019-06-08,123875.0,1,123875.0,Human,Recreation and ceremony,AZ3340811121020190608,2019_10747872_WOODBURY,33.4,-111.2,WOODBURY
23311,196,SHOWER BATH COMPLEX,RED BLUFF,ID,2007,2007-07-17,122600.0,2,62591.0,Natural,Natural,ID4482211481920070717,2007_ID-SCF-7360_SHOWER BATH COMPLEX,44.7,-114.9,RED BLUFF; SHOWERBATH
201337585,197,SWENSON,SWENSON FIRE,TX,2011,2011-04-06,122500.0,1,122500.0,Human,Equipment and vehicle use,TX3328510032520110406,2011_TX-TXS-011071_SWENSON,33.1,-100.3,SWENSON FIRE
400024041,198,HOT POT,HOT POT,NV,2016,2016-07-02,122292.7,1,122292.7,Natural,Natural,NV4102211692120160702,2016_4407798_HOT POT,41.0,-116.9,HOT POT
552247,199,PINE RIDGE COMPLEX,PINE RIDGE COMPLEX,MT,2006,2006-07-12,121687.0,1,121687.0,Natural,Natural,MT4601710766920060716,2006_MT-SOS-00009_PINE RIDGE COMPLEX,45.9,-107.9,PINE RIDGE COMPLEX
300218129,200,BLAZO,15362 BLAZO,AK,2015,2015-06-19,121339.2,1,121339.2,Natural,Natural,AK6341815761120150620,2015_2715373_BLAZO,63.4,-157.6,15362 BLAZO
251667,201,SADDLE,SADDLE,AK,2005,2005-08-02,121149.0,1,121149.0,Natural,Natural,AK6207315901020050802,,62.1,-159.2,SADDLE
300000284,202,HAPPY CAMP COMPLEX,FRYING PAN,CA,2014,2014-08-11,120839.2,4,115279.2,Natural,Natural,CA4179612337420140814,2014_809568_HAPPY CAMP COMPLEX,41.8,-123.4,FRYING PAN; FAULKSTEIN; KEMPER; DELTA
400636926,203,BIGHORN,BIGHORN,AZ,2020,2020-06-05,119978.0,1,119978.0,Natural,Natural,AZ3237811092720200606,2020_11728691_BIGHORN,32.4,-110.9,BIGHORN
172081,204,WILLOW,WILLOW,AZ,2004,2004-06-24,119500.0,1,119500.0,Natural,Natural,AZ3410911149820040624,2004_AZ-TNF-0106_WILLOW,34.1,-111.6,WILLOW
1276845,205,PARKS HWY,PARKS HIGHWAY,AK,2006,2006-06-07,118520.1,1,118520.1,Human,Debris and open burning,AK6447814879320060607,2006_AK-FAS-611163_PARKS HWY,64.4,-149.0,PARKS HIGHWAY
190849,206,SIMNASHO,SIMNASHO,OR,1996,1996-08-10,118230.0,1,118230.0,Human,Equipment and vehicle use,OR4487312131019960810,,45.0,-121.4,SIMNASHO
311261,207,ERICKSON CREEK,ERICKSON C,AK,2003,2003-06-17,117929.7,1,117929.7,Natural,Natural,AK6562714891520030617,,65.7,-149.0,ERICKSON C
311703,208,FISH CREEK,FISH CREEK,AK,2005,2005-06-16,117747.7,1,117747.7,Natural,Natural,AK6578314890620050616,,65.8,-148.8,FISH CREEK
348919,209,SOUTH END COMPLEX,PUEBLO FIRE,OR,2006,2006-08-21,117085.8,4,68224.1,Natural,Natural,OR4232311875820060821,2006_OR-BUD-2500_SOUTH END COMPLEX,42.4,-118.8,PUEBLO FIRE; GRANDDAD; GRAND DADDY; KRUMBO BUTTE
311811,210,BOUNDARY CREEK,BOUNDARY CREEK,AK,2005,2005-07-12,116371.0,1,116371.0,Natural,Natural,AK6451514109620050712,2005_AK-UYD-000452_BOUNDARY CREEK,64.7,-141.0,BOUNDARY CREEK
400628248,211,BOBCAT,BOBCAT,CA,2020,2020-09-06,115997.0,1,115997.0,Missing data/not specified/undetermined,Missing data/not specified/undetermined,CA3424811795920200906,2020_11951011_BOBCAT,34.2,-118.0,BOBCAT
155424,212,TOOLBOX COMPLEX,TOOLBOX,OR,2002,2002-07-12,115609.0,4,54800.0,Natural,Natural,OR4301812088720020712,2002_OR-FRF-158_TOOL BOX COMPLEX,42.9,-121.0,TOOLBOX; WINTER; SILVER; LAVA
311080,213,MILEPOST 78,MP 78,AK,2002,2002-05-23,115328.0,1,115328.0,Human,Equipment and vehicle use,AK6527414888420020523,2002_A175_MP 78 ELLIOTT HIWAY,65.4,-148.8,MP 78
311657,214,SHEENJEK RIVER,SHEENJEK,AK,2005,2005-06-12,114596.5,1,114596.5,Natural,Natural,AK6678514474720050612,2005_AK-UYD-300210_SHEENJEK RIVER,66.8,-144.4,SHEENJEK
311670,215,HIGHPOWER CREEK,HIGH POWER,AK,2005,2005-06-14,114443.5,1,114443.5,Natural,Natural,AK6347715235920050614,,63.5,-152.6,HIGH POWER
300205547,216,CLEARWATER/MUNICIPAL/MOTORWAY NORTH COMPLEX,LAWYER 2,ID,2015,2015-07-12,113669.9,27,41195.0,Natural,Natural,ID4622311613120150811,2015_2920368_CLEARWATER/MUNICIPAL/MOTORWAY NORTH COMPLEX,46.3,-116.1,LAWYER 2; FISHER; KAMIAH GULCH; PETE FORKS; SNOWY SUMMIT; WOODRAT; LOLO 2; CARROT RIDGE; ...
400012984,217,ALATNA COMPLEX,HOG,AK,2016,2016-06-25,113538.3,8,58565.3,Natural,Natural,AK6661815405320160706,2016_4379626_ALATNA COMPLEX,66.6,-154.1,HOG; HOGATZA RIVER; SIRUK CREEK; CHEBANIKA CREEK; BERGMAN CREEK; NORUTAK LAKE; SIRUK CREEK 2; TABEASCOT LAKE
311025,218,SURVEY LINE,SURVEY LIN,AK,2001,2001-06-20,112112.0,1,112112.0,Human,Missing data/not specified/undetermined,AK6462314858820010620,2001_AK-ARM-B247_SURVEY LINE,64.7,-148.2,SURVEY LIN
400508285,219,SHEEP,SHEEP,ID,2019,2019-07-22,112106.7,1,112106.7,Natural,Natural,ID4371511252320190722,2019_10687129_SHEEP,43.7,-112.5,SHEEP
400505532,220,NORTH RIVER,NORTH RIVER,AK,2019,2019-06-10,111898.0,1,111898.0,Natural,Natural,AK6524416010220190610,2019_10747336_NORTH RIVER,65.2,-160.1,NORTH RIVER
201773839,221,BEAVER CREEK COMPLEX,BEAVER CREEK,ID,2013,2013-08-07,111497.0,1,111497.0,Natural,Natural,ID4345711455020130807,2013_ID-TFD-000337_BEAVER CREEK,43.5,-114.6,BEAVER CREEK
300204691,222,CHELAN COMPLEX,REACH,WA,2015,2015-08-14,111319.7,5,88483.5,Natural,Natural,WA4779711998820150814,2015_2906716_CHELAN COMPLEX,47.8,-120.0,REACH; MCFARLAND CREEK; BLACK CANYON; ANTOINE CREEK; CAGLE
165688,223,DRY LAKE COMPLEX,DRY,NM,2003,2003-05-31,111306.0,5,65000.0,Natural,Natural,NM3322510843320030531,2003_NM-GNF-000023_DRY LAKE COMPLEX,33.1,-108.4,DRY; MOONSHINE; TURNBO; LAKE; SYCAMORE
300207944,224,SEA,SEA,AK,2015,2015-06-19,111193.8,1,111193.8,Natural,Natural,AK6410015373320150620,2015_2719450_SEA,64.1,-153.7,SEA
201109591,225,INDIAN CREEK,INDIAN CREEK,NV,2011,2011-09-30,110826.7,1,110826.7,Natural,Natural,NV4094911623520110930,2011_NV-NNS-001336_INDIAN CREEK,40.9,-116.2,INDIAN CREEK
300202796,226,CANYON CREEK COMPLEX,CANYON CREEK,OR,2015,2015-08-12,110495.1,4,101028.0,Natural,Natural,OR4428411896120150812,2015_2870956_CANYON CREEK COMPLEX,44.3,-118.9,CANYON CREEK; MASON SPRING; JERRYS DRAW; 271 BERRY CREEK
201761948,227,WEST FORK COMPLEX,WEST FORK,CO,2013,2013-06-05,109615.0,3,58570.0,Natural,Natural,CO3746210694320130605,2013_CO-SJF-000285_WEST FORK COMPLEX,37.5,-106.9,WEST FORK; PAPOOSE; WINDY PASS
14086,228,COLUMBIA COMPLEX,COLUMBIA COMPLEX,WA,2006,2006-08-21,109259.0,1,109259.0,Natural,Natural,WA4616811780620060821,2006_OR-UMF-000411_COLUMBIA COMPLEX,46.1,-118.0,COLUMBIA COMPLEX
400015987,229,SOUTHERN/CENTRAL LNU COMPLEX,NUNS,CA,2017,2017-07-08,109181.4,5,56556.0,Human,Missing data/not specified/undetermined,CA3838712252020171009,2017_7200218_SOUTHERN LNU COMPLEX,38.4,-122.5,NUNS; ATLAS; PARTRICK; NORRBOM; ADOBE
1474384,230,JEFFERSON,JEFFERSON,ID,2010,2010-07-13,108855.0,1,108855.0,Human,Missing data/not specified/undetermined,ID4367911257020100713,2010_ID-INE-010010_JEFFERSON,43.5,-112.9,JEFFERSON
311502,231,CLAWANMENKA LAKE,CLAWANMENK,AK,2004,2004-07-06,108577.0,1,108577.0,Natural,Natural,AK6655915152120040706,,66.5,-151.4,CLAWANMENK
342406,232,AMAZON,AMAZON,NV,2006,2006-09-03,108563.6,1,108563.6,Natural,Natural,NV4149011635520060903,2006_NV-EKD-001206_AMAZON,41.5,-116.3,AMAZON
1301190,233,SIMI,SIMI INCIDENT,CA,2003,2003-10-25,108204.0,1,108204.0,Missing data/not specified/undetermined,Missing data/not specified/undetermined,CA3433511879220031025,2003_CA-VNC-03080298_SIMI INCIDENT,34.4,-118.7,SIMI INCIDENT
400302444,234,SPRING CREEK,SPRING CREEK,CO,2018,2018-06-26,107995.0,1,107995.0,Human,Arson/incendiarism,CO3749610529120180627,2018_9201669_SPRING CREEK,37.5,-105.3,SPRING CREEK
201510635,235,CLAY SPRINGS,CLAY SPRINGS,UT,2012,2012-06-27,107847.0,1,107847.0,Human,Arson/incendiarism,UT3932911237920120627,2012_UT-SCS-000155_CLAY SPRINGS,39.3,-112.4,CLAY SPRINGS
96608,236,FIFTY-EIGHT,HIGHWAY 58,CA,1996,1996-08-15,106668.0,1,106668.0,Human,Equipment and vehicle use,CA3534412027619960815,,35.4,-120.4,HIGHWAY 58
201752827,237,FRYING PAN RANCH,FRYING PAN FIRE,TX,2011,2011-04-14,106027.0,1,106027.0,Missing data/not specified/undetermined,Missing data/not specified/undetermined,TX3238310102720110414,2011_TX-TXS-011098_FRYING PAN RANCH,32.2,-102.9,FRYING PAN FIRE
300207037,238,CORNET-WINDY RIDGE COMPLEX,CORNET,OR,2015,2015-08-10,105431.0,2,56331.0,Natural,Natural,OR4458511775220150810,2015_2882088_CORNET-WINDY RIDGE,44.5,-117.9,CORNET; WINDY RIDGE (VALE #163)
311435,239,YUKON CROSSING COMPLEX,FT HAMLIN,AK,2004,2004-06-15,104637.0,2,97615.0,Natural,Natural,AK6597114952620040615,2004_AK-UYD-000049_YUKON CROSSING COMPLEX,65.9,-149.5,FT HAMLIN; WALDRON
300218167,240,BIG MUD RIVER 1,15469 BIG MUD RIVER 1,AK,2015,2015-06-21,103967.5,1,103967.5,Natural,Natural,AK6467415292620150622,2015_2716794_BIG MUD RIVER 1,64.7,-152.9,15469 BIG MUD RIVER 1
400505555,241,BLACK RIVER,BLACK RIVER,AK,2019,2019-06-18,103268.6,1,103268.6,Natural,Natural,AK6607314222520190618,2019_10677118_BLACK RIVER,66.1,-142.2,BLACK RIVER
69288,242,PORPHYRY SOUTH COMPLEX,PORPHYRY SOUTH,ID,1994,1994-08-11,102680.6,6,84677.0,Natural,Natural,ID4521611552119940811,,45.3,-115.5,PORPHYRY SOUTH; CORNISH; BANTY; BIG BIRD; PORPHYRY NORTH; ROCKY POINT
553116,243,DUNN MTN. ASSIST,DUNN MOUNTAIN ASSIST,MT,2008,2008-08-22,102379.5,1,102379.5,Natural,Natural,MT4621810818620080821,2008_MT-SOS-000019_DUNN MTN. ASSIST,46.2,-108.3,DUNN MOUNTAIN ASSIST
400302700,244,POLE CREEK,POLE CREEK,UT,2018,2018-09-06,102191.0,1,102191.0,Natural,Natural,UT3980611166020180906,2018_9186680_POLE CREEK,39.8,-111.7,POLE CREEK
20111,245,RATTLESNAKE,RATTLESNAKE,ID,2007,2007-07-13,102000.0,1,102000.0,Natural,Natural,ID4554811559420070713,2007_ID-NPF-000017_RATTLESNAKE,45.4,-115.6,RATTLESNAKE
214283,246,GEORGE RIV,GEORGE RIV,AK,1997,1997-06-26,101820.0,1,101820.0,Natural,Natural,,,62.3,-157.2,GEORGE RIV
201168279,247,DONALDSON,DONALDSON,NM,2011,2011-06-28,101562.0,1,101562.0,Natural,Natural,NM3330110523720110628,2011_NM-N5S-000425_DONALDSON,33.3,-105.2,DONALDSON
15306,248,BAR COMPLEX,BAKE-OVEN,CA,2006,2006-07-24,101214.0,2,66113.0,Natural,Natural,CA4095112320220060902,2006_CA-SHF-001693_BAR COMPLEX,40.7,-123.3,BAKE-OVEN; PIGEON
300208245,249,MUNSATLI 2,MUNSATLI 2,AK,2015,2015-07-04,100524.0,1,100524.0,Natural,Natural,AK6362915301920150705,2015_2843909_MUNSATLI 2,63.6,-153.0,MUNSATLI 2
400312226,250,BOXCAR 0410 RN,BOXCAR,OR,2018,2018-06-21,100226.0,1,100226.0,Natural,Natural,OR4516012107120180621,2018_9089501_BOXCAR,45.2,-121.1,BOXCAR
