year,fires,acres,note,source_url,accessed
2025,77850,5131474,,https://www.nifc.gov/fire-information/statistics/wildfires,2026-07-12
2024,64897,8924884,,https://www.nifc.gov/fire-information/statistics/wildfires,2026-07-12
2023,56580,2693910,,https://www.nifc.gov/fire-information/statistics/wildfires,2026-07-12
2022,68988,7577183,,https://www.nifc.gov/fire-information/statistics/wildfires,2026-07-12
2021,58985,7125643,,https://www.nifc.gov/fire-information/statistics/wildfires,2026-07-12
2020,58950,10122336,,https://www.nifc.gov/fire-information/statistics/wildfires,2026-07-12
2019,50477,4664364,,https://www.nifc.gov/fire-information/statistics/wildfires,2026-07-12
2018,58083,8767492,,https://www.nifc.gov/fire-information/statistics/wildfires,2026-07-12
2017,71499,10026086,,https://www.nifc.gov/fire-information/statistics/wildfires,2026-07-12
2016,67743,5509995,,https://www.nifc.gov/fire-information/statistics/wildfires,2026-07-12
2015,68151,10125149,,https://www.nifc.gov/fire-information/statistics/wildfires,2026-07-12
2014,63312,3595613,,https://www.nifc.gov/fire-information/statistics/wildfires,2026-07-12
2013,47579,4319546,,https://www.nifc.gov/fire-information/statistics/wildfires,2026-07-12
2012,67774,9326238,,https://www.nifc.gov/fire-information/statistics/wildfires,2026-07-12
2011,74126,8711367,,https://www.nifc.gov/fire-information/statistics/wildfires,2026-07-12
2010,71971,3422724,,https://www.nifc.gov/fire-information/statistics/wildfires,2026-07-12
2009,78792,5921786,,https://www.nifc.gov/fire-information/statistics/wildfires,2026-07-12
2008,78979,5292468,,https://www.nifc.gov/fire-information/statistics/wildfires,2026-07-12
2007,85705,9328045,,https://www.nifc.gov/fire-information/statistics/wildfires,2026-07-12
2006,96385,9873745,,https://www.nifc.gov/fire-information/statistics/wildfires,2026-07-12
2005,66753,8689389,,https://www.nifc.gov/fire-information/statistics/wildfires,2026-07-12
2004,65461,8097880,2004 fires and acres do not include state lands for North Carolina,https://www.nifc.gov/fire-information/statistics/wildfires,2026-07-12
2003,63629,3960842,,https://www.nifc.gov/fire-information/statistics/wildfires,2026-07-12
2002,73457,7184712,,https://www.nifc.gov/fire-information/statistics/wildfires,2026-07-12
2001,84079,3570911,,https://www.nifc.gov/fire-information/statistics/wildfires,2026-07-12
2000,92250,7393493,,https://www.nifc.gov/fire-information/statistics/wildfires,2026-07-12
1999,92487,5626093,,https://www.nifc.gov/fire-information/statistics/wildfires,2026-07-12
1998,81043,1329704,,https://www.nifc.gov/fire-information/statistics/wildfires,2026-07-12
1997,66196,2856959,,https://www.nifc.gov/fire-information/statistics/wildfires,2026-07-12
1996,96363,6065998,,https://www.nifc.gov/fire-information/statistics/wildfires,2026-07-12
1995,82234,1840546,,https://www.nifc.gov/fire-information/statistics/wildfires,2026-07-12
1994,79107,4073579,,https://www.nifc.gov/fire-information/statistics/wildfires,2026-07-12
1993,58810,1797574,,https://www.nifc.gov/fire-information/statistics/wildfires,2026-07-12
1992,87394,2069929,,https://www.nifc.gov/fire-information/statistics/wildfires,2026-07-12
1991,75754,2953578,,https://www.nifc.gov/fire-information/statistics/wildfires,2026-07-12
1990,66481,4621621,,https://www.nifc.gov/fire-information/statistics/wildfires,2026-07-12
1989,48949,1827310,,https://www.nifc.gov/fire-information/statistics/wildfires,2026-07-12
1988,72750,5009290,,https://www.nifc.gov/fire-information/statistics/wildfires,2026-07-12
1987,71300,2447296,,https://www.nifc.gov/fire-information/statistics/wildfires,2026-07-12
1986,85907,2719162,,https://www.nifc.gov/fire-information/statistics/wildfires,2026-07-12
1985,82591,2896147,,https://www.nifc.gov/fire-information/statistics/wildfires,2026-07-12
1984,20493,1148409,,https://www.nifc.gov/fire-information/statistics/wildfires,2026-07-12
1983,18229,1323666,,https://www.nifc.gov/fire-information/statistics/wildfires,2026-07-12
