month,Debris and open burning,Arson/incendiarism,Equipment and vehicle use,Recreation and ceremony,Smoking,Misuse of fire by a minor,Railroad operations and maintenance,Power generation/transmission/distribution,Fireworks,Firearms and explosives use,Other causes,Natural,Missing data/not specified/undetermined
Jan,0,1,0,0,0,0,0,0,0,0,0,0,0
Feb,0,1,0,0,0,0,0,0,0,0,0,0,1
Mar,6,7,0,0,0,0,0,0,0,0,0,0,21
Apr,16,2,0,0,0,0,0,0,1,0,0,0,26
May,0,0,0,1,0,0,0,0,0,0,1,0,1
Jun,1,0,0,0,0,0,0,0,0,0,0,0,1
Jul,1,0,0,0,0,0,0,0,0,0,0,0,0
Aug,0,0,0,0,0,0,0,0,0,0,0,0,0
Sep,0,0,0,0,0,0,0,1,0,0,0,0,0
Oct,0,0,1,0,0,0,0,0,0,0,0,0,1
Nov,1,1,0,2,2,0,0,1,0,0,0,0,9
Dec,1,0,0,0,0,0,0,0,0,0,0,0,4
