cell_lat,cell_lon,n_fires,acres,n_human,n_natural,n_missing_cause,human_share_known,human_share_all,lat_centroid,lon_centroid
34,-80,20710,145281.37,17637,287,2786,0.9839879491185003,0.8516175760502173,34.5,-79.5
32,-83,18548,60031.83,17557,991,0,0.9465710588742722,0.9465710588742722,32.5,-82.5
40,-74,18428,8177.5654,17267,1160,1,0.9370488956422641,0.9369980464510528,40.5,-73.5
33,-118,17101,533049.2,13511,122,3468,0.9910511259443996,0.7900707560961348,33.5,-117.5
35,-82,16833,62772.465,14723,276,1834,0.9815987732515501,0.8746509831877859,35.5,-81.5
33,-81,16620,110823.35,11926,244,4450,0.9799506984387839,0.717569193742479,33.5,-80.5
31,-84,16571,61786.88001,15975,596,0,0.9640335525918774,0.9640335525918774,31.5,-83.5
32,-84,16519,55302.41998,15857,662,0,0.9599249349234216,0.9599249349234216,32.5,-83.5
37,-121,15653,584308.42,12142,192,3319,0.9844332738770877,0.7756979492748994,37.5,-120.5
31,-83,15649,220016.16019,14126,1522,1,0.9027351738241309,0.9026774873793852,31.5,-82.5
33,-80,15367,160185.52998,11298,214,3855,0.981410701876303,0.7352118175310731,33.5,-79.5
31,-90,15255,242869.273,13681,71,1503,0.9948371146015125,0.8968207145198296,31.5,-89.5
33,-113,14528,105909.09999,6202,203,8123,0.9683060109289617,0.4268997797356828,33.5,-112.5
35,-80,14482,43461.53999,12967,221,1294,0.9832423415225963,0.895387377434056,35.5,-79.5
40,-75,14012,22313.425,13646,348,18,0.9751321995140775,0.9738795318298601,40.5,-74.5
32,-95,14011,136130.48,13113,535,363,0.9608001172332943,0.9359075012490187,32.5,-94.5
34,-86,13928,153764.57998,13722,197,9,0.9858466843882463,0.9852096496266514,34.5,-85.5
39,-75,13795,137121.45,13654,113,28,0.9917919662962156,0.9897789054005074,39.5,-74.5
39,-122,13268,612103.5,10943,540,1785,0.9529739615083166,0.8247663551401869,39.5,-121.5
32,-82,13129,76297.88,11579,626,924,0.9487095452683326,0.8819407418691446,32.5,-81.5
30,-90,13072,240679.31,11839,184,1049,0.9846959993346087,0.9056762545899633,30.5,-89.5
38,-121,12954,386709.82,10773,1304,877,0.8920261654384367,0.8316350162112089,38.5,-120.5
34,-118,12486,720324.39,9396,587,2503,0.9412000400681158,0.7525228255646323,34.5,-117.5
33,-117,12385,920226.84,9668,791,1926,0.9243713548140358,0.7806217198223657,33.5,-116.5
41,-75,12341,30095.767403500002,11805,531,5,0.956955252918288,0.9565675390973178,41.5,-74.5
34,-85,12284,79984.04002,12008,273,3,0.9777705398583177,0.9775317486160859,34.5,-84.5
34,-81,11975,63148.28,9175,343,2457,0.9639630174406388,0.7661795407098121,34.5,-80.5
33,-82,11915,60016.58,8751,555,2609,0.940361057382334,0.7344523709609736,33.5,-81.5
36,-120,11780,135309.38,9303,132,2345,0.9860095389507154,0.7897283531409168,36.5,-119.5
33,-86,11569,158642.19998,11275,241,53,0.9790725946509204,0.9745872590543694,33.5,-85.5
33,-112,11233,1057123.183,8059,824,2350,0.9072385455364179,0.7174396866375857,33.5,-111.5
35,-81,11222,13306.29,10091,129,1002,0.9873776908023484,0.8992158260559615,35.5,-80.5
35,-95,11132,330009.82,8699,275,2158,0.9693559170938266,0.7814408911246856,35.5,-94.5
31,-91,10787,138590.66,9515,52,1220,0.9945646493153548,0.8820802818207101,31.5,-90.5
34,-96,10698,659775.35,7942,479,2277,0.9431183944899656,0.7423817535988035,34.5,-95.5
18,-67,10616,57172.43,0,0,10616,,0.0,18.5,-66.5
32,-96,10603,73062.39,10116,223,264,0.9784311828997002,0.9540696029425634,32.5,-95.5
41,-74,10506,15157.191047,9695,643,168,0.9378022828400078,0.9228060156101275,41.5,-73.5
34,-79,10297,79082.78,9038,256,1003,0.9724553475360448,0.8777313780712829,34.5,-78.5
31,-82,10254,70498.84995,9298,954,2,0.906944986344128,0.9067680905012678,31.5,-81.5
29,-82,10211,312183.86001,6456,3742,13,0.6330653069229261,0.632259328175497,29.5,-81.5
35,-83,10181,82917.06001,9162,156,863,0.9832582099162911,0.8999116000392888,35.5,-82.5
30,-84,10164,51179.319989999996,9498,665,1,0.9345665649906524,0.9344746162927982,30.5,-83.5
33,-111,9921,549830.68,8221,1622,78,0.8352128416133293,0.828646305815946,33.5,-110.5
37,-84,9912,377428.809998,8193,27,1692,0.9967153284671533,0.8265738498789347,37.5,-83.5
31,-85,9742,43128.91,9419,322,1,0.9669438456010676,0.9668445904331759,31.5,-84.5
32,-85,9702,46050.64997,9230,471,1,0.9514483042985259,0.9513502370645228,32.5,-84.5
34,-119,9469,1491017.4,7213,219,2037,0.9705328310010765,0.7617488647164431,34.5,-118.5
37,-122,9453,704481.4199999999,6233,48,3172,0.9923579047922305,0.6593673965936739,37.5,-121.5
29,-83,9269,119780.6,7528,1736,5,0.812607944732297,0.8121695975833423,29.5,-82.5
40,-123,9254,854734.17,7567,877,810,0.8961392704879204,0.8177004538577912,40.5,-122.5
33,-84,9234,32461.29001,8741,488,5,0.9471231986130675,0.9466103530431016,33.5,-83.5
34,-95,9149,177364.26,6366,519,2264,0.9246187363834423,0.6958137501366269,34.5,-94.5
34,-84,9044,62359.28,8718,227,99,0.9746226942425936,0.963954002653693,34.5,-83.5
26,-82,9030,616983.95,5978,2946,106,0.6698789780367548,0.662015503875969,26.5,-81.5
37,-83,8991,553645.589998,7883,30,1078,0.9962087703778593,0.8767656545434324,37.5,-82.5
38,-122,8990,77481.06,6017,37,2936,0.9938883382887347,0.6692992213570634,38.5,-121.5
33,-85,8945,28467.43,8699,246,0,0.9724986025712689,0.9724986025712689,33.5,-84.5
30,-89,8931,177251.54,8241,109,581,0.9869461077844311,0.9227410144440712,30.5,-88.5
33,-83,8863,38628.50001,8072,570,221,0.9340430455912984,0.9107525668509534,33.5,-82.5
38,-123,8759,1148534.011,6703,122,1934,0.9821245421245421,0.7652700079917799,38.5,-122.5
34,-112,8684,494563.77,3255,5092,337,0.3899604648376662,0.3748272685398434,34.5,-111.5
33,-95,8537,95481.42,7829,332,376,0.9593187109422865,0.9170668853227129,33.5,-94.5
31,-89,8511,134218.95,8046,82,383,0.9899114173228346,0.9453648219950652,31.5,-88.5
35,-79,8504,36499.23,7598,142,764,0.9816537467700258,0.8934619002822202,35.5,-78.5
33,-87,8458,119524.685,8301,150,7,0.982250621228257,0.981437692125798,33.5,-86.5
43,-103,8392,326641.0317,7769,583,40,0.9301963601532567,0.9257626310772163,43.5,-102.5
42,-74,8332,9004.8766625,7810,516,6,0.9380254624069181,0.9373499759961594,42.5,-73.5
30,-94,8311,139376.61,7482,646,183,0.9205216535433071,0.9002526771748285,30.5,-93.5
47,-96,8294,158608.23,8245,20,29,0.9975801572897761,0.99409211478177,47.5,-95.5
30,-83,8177,1303244.76999,6313,1860,4,0.7724213874954117,0.7720435367494191,30.5,-82.5
41,-124,8087,1371896.1199999999,6136,1863,88,0.7670958869858733,0.7587486088784469,41.5,-123.5
32,-90,7962,87048.28,7081,56,825,0.9921535659240577,0.8893494096960562,32.5,-89.5
34,-89,7892,90317.61,7258,54,580,0.9926148796498906,0.9196654840344652,34.5,-88.5
27,-82,7751,295529.39999,6389,1349,13,0.8256655466528818,0.8242807379692942,27.5,-81.5
28,-82,7561,252705.66,5451,2103,7,0.721604447974583,0.7209363840761804,28.5,-81.5
30,-85,7351,170821.34998,6613,708,30,0.9032919000136593,0.8996054958509047,30.5,-84.5
39,-106,7100,192482.372,4572,1206,1322,0.7912772585669782,0.643943661971831,39.5,-105.5
37,-120,7076,815143.9099999999,4679,1993,404,0.7012889688249401,0.6612492933860938,37.5,-119.5
34,-83,7027,23354.85,5197,186,1644,0.96544677689021,0.7395759214458517,34.5,-82.5
47,-95,7018,21897.67,6984,29,5,0.9958648224725509,0.9951553149045312,47.5,-94.5
32,-81,6979,42988.68,4901,93,1985,0.9813776531838205,0.7022496059607394,32.5,-80.5
35,-112,6933,250901.51,2953,3836,144,0.43496833112387684,0.42593393913168903,35.5,-111.5
32,-97,6839,57197.04,6563,80,196,0.9879572482312209,0.9596432226933762,32.5,-96.5
31,-98,6682,79038.66,6109,81,492,0.9869143780290791,0.9142472313678539,31.5,-97.5
44,-122,6654,1036055.52,3834,2815,5,0.576628064370582,0.5761947700631199,44.5,-121.5
36,-81,6643,17725.91,6045,78,520,0.9872611464968153,0.9099804305283757,36.5,-80.5
39,-105,6620,17853.784,4936,236,1448,0.954369682907966,0.7456193353474321,39.5,-104.5
39,-121,6607,618587.64,3967,2369,271,0.626104797979798,0.6004237929468745,39.5,-120.5
38,-105,6589,178930.584,5387,177,1025,0.9681883537023724,0.8175747457884353,38.5,-104.5
35,-86,6569,119320.69,6310,30,229,0.9952681388012619,0.9605723854467956,35.5,-85.5
33,-90,6399,76553.35,5654,67,678,0.9882887607061702,0.8835755586810439,33.5,-89.5
35,-84,6343,144079.31,5731,220,392,0.9630314232902033,0.9035156865836355,35.5,-83.5
36,-95,6333,158007.342,4728,294,1311,0.9414575866188769,0.7465656087162482,36.5,-94.5
33,-88,6319,83159.35,6205,108,6,0.9828924441628386,0.9819591707548663,33.5,-87.5
38,-83,6297,77541.213,6015,18,264,0.9970164097463948,0.955216769890424,38.5,-82.5
31,-96,6228,86872.25,5699,406,123,0.9334971334971335,0.9150610147719974,31.5,-95.5
37,-82,6228,258246.25999,6183,40,5,0.9935722320424233,0.9927745664739884,37.5,-81.5
30,-91,6215,50610.075977,5538,476,201,0.9208513468573329,0.8910699919549477,30.5,-90.5
30,-96,6190,92468.23,5683,277,230,0.9535234899328859,0.9180936995153474,30.5,-95.5
30,-86,6187,74362.65,5418,763,6,0.8765571913929785,0.8757071278487151,30.5,-85.5
32,-98,6090,76994.28,5264,69,757,0.9870616913557098,0.864367816091954,32.5,-97.5
31,-88,6068,73525.01,5903,164,1,0.972968518213285,0.9728081740276863,31.5,-87.5
32,-111,5991,499866.141,3045,921,2025,0.7677760968229954,0.5082623935903856,32.5,-110.5
42,-124,5991,1075535.92,4276,1713,2,0.7139756219736183,0.71373727257553,42.5,-123.5
32,-86,5980,78704.79,5837,140,3,0.9765768780324577,0.9760869565217392,32.5,-85.5
32,-87,5972,45740.0,5854,117,1,0.9804052922458549,0.9802411252511721,32.5,-86.5
39,-109,5945,264415.799,2379,3232,334,0.42398859383354126,0.4001682085786375,39.5,-108.5
30,-88,5941,91645.06,5745,187,9,0.9684760620364127,0.9670089210570612,30.5,-87.5
32,-117,5931,623457.16,4999,213,719,0.9591327705295472,0.8428595515090204,32.5,-116.5
36,-121,5927,254054.16,4986,44,897,0.9912524850894632,0.84123502615151,36.5,-120.5
43,-122,5896,79180.12,3048,2845,3,0.5172238248769727,0.5169606512890095,43.5,-121.5
36,-79,5882,19252.03,5335,127,420,0.9767484437934822,0.9070044202652159,36.5,-78.5
34,-90,5856,132035.47,5666,27,163,0.9952573335675391,0.9675546448087432,34.5,-89.5
42,-123,5842,287036.04,2720,3111,11,0.46647230320699706,0.4655939746662102,42.5,-122.5
43,-78,5745,3875.9404125,5367,378,0,0.9342036553524804,0.9342036553524804,43.5,-77.5
35,-78,5718,17197.0,4994,110,614,0.978448275862069,0.8733823015040224,35.5,-77.5
18,-68,5707,31657.17,28,1,5678,0.9655172413793104,0.0049062554757315574,18.5,-67.5
32,-99,5705,344893.59,5266,213,226,0.9611242927541522,0.9230499561787905,32.5,-98.5
43,-90,5674,12427.370447,5524,100,50,0.9822190611664295,0.9735636235459993,43.5,-89.5
28,-83,5627,93839.79997,4476,1151,0,0.7954505064865826,0.7954505064865826,28.5,-82.5
31,-95,5620,86617.98,5197,318,105,0.94233907524932,0.9247330960854092,31.5,-94.5
34,-93,5555,48079.02,4453,273,829,0.9422344477359289,0.8016201620162016,34.5,-92.5
33,-110,5432,1084854.73,1511,3899,22,0.2792975970425139,0.27816642120765833,33.5,-109.5
34,-111,5411,602041.87,1901,3176,334,0.3744337207012015,0.3513213823692478,34.5,-110.5
34,-88,5369,60205.43,5308,56,5,0.9895600298284862,0.9886384801639039,34.5,-87.5
34,-82,5333,20682.32,3514,254,1565,0.9325902335456475,0.6589161822613914,34.5,-81.5
30,-95,5323,115692.61,4959,305,59,0.9420592705167173,0.9316175089235393,30.5,-94.5
45,-94,5256,60979.81,5192,30,34,0.9942550746840291,0.9878234398782344,45.5,-93.5
42,-79,5235,3637.035175,4572,663,0,0.873352435530086,0.873352435530086,42.5,-78.5
30,-82,5168,58259.47,3933,1229,6,0.7619139868268113,0.7610294117647058,30.5,-81.5
34,-78,5125,116587.77,4608,126,391,0.973384030418251,0.8991219512195122,34.5,-77.5
35,-85,5075,67620.51001,4746,116,213,0.9761415055532703,0.9351724137931035,35.5,-84.5
41,-123,5071,176542.56,2475,2397,199,0.5080049261083743,0.4880694143167028,41.5,-122.5
33,-96,5014,64941.409999999996,4772,168,74,0.965991902834008,0.9517351416035101,33.5,-95.5
33,-97,4994,67848.34,4746,57,191,0.9881324172392255,0.9503404084901882,33.5,-96.5
30,-98,4989,86645.0,4768,89,132,0.9816759316450484,0.9557025456003208,30.5,-97.5
33,-98,4962,166529.22,4611,161,190,0.9662615255658005,0.9292623941958887,33.5,-97.5
37,-123,4945,102744.02,3306,60,1579,0.982174688057041,0.6685540950455005,37.5,-122.5
38,-82,4906,141498.35,4854,51,1,0.9896024464831804,0.9894007337953526,38.5,-81.5
40,-106,4892,380182.885,3231,755,906,0.81058705469142,0.6604660670482421,40.5,-105.5
36,-85,4859,234574.83,4453,44,362,0.9902156993551257,0.916443712698086,36.5,-84.5
44,-90,4832,11489.985,4725,88,19,0.9817161853313942,0.9778559602649006,44.5,-89.5
35,-121,4807,462810.31,4157,63,587,0.9850710900473933,0.864780528396089,35.5,-120.5
36,-80,4769,10730.93,4419,74,276,0.9835299354551524,0.9266093520654225,36.5,-79.5
36,-122,4746,742155.0499999999,3965,54,727,0.9865638218462304,0.8354403708386009,36.5,-121.5
47,-118,4727,78196.29,4042,592,93,0.8722485973241261,0.8550877935265496,47.5,-117.5
37,-109,4727,130253.663,1159,3403,165,0.25405523893029375,0.24518722233975038,37.5,-108.5
26,-99,4725,142313.55,4245,17,463,0.9960112623181605,0.8984126984126984,26.5,-98.5
43,-123,4711,489813.58,1417,3290,4,0.30104100276184403,0.30078539588197833,43.5,-122.5
30,-93,4685,70978.85,4015,494,176,0.890441339543136,0.8569903948772679,30.5,-92.5
21,-159,4662,46504.79,11,1,4650,0.9166666666666666,0.0023595023595023596,21.5,-158.5
29,-99,4630,48916.66,4476,35,119,0.9922411882066061,0.9667386609071275,29.5,-98.5
30,-87,4615,116998.9,4368,239,8,0.9481224224006946,0.9464788732394366,30.5,-86.5
36,-84,4610,213243.05,3946,40,624,0.9899648770697441,0.8559652928416486,36.5,-83.5
47,-99,4565,29609.5,4551,11,3,0.9975887768522578,0.9969331872946331,47.5,-98.5
31,-93,4539,89947.6358,4008,379,152,0.9136083884203328,0.8830138797091871,31.5,-92.5
33,-99,4488,342321.09999,3918,303,267,0.9282160625444208,0.8729946524064172,33.5,-98.5
42,-77,4487,5224.78555,4150,336,1,0.925100312082033,0.9248941386226878,42.5,-76.5
43,-101,4463,127176.67610000001,3870,557,36,0.8741811610571493,0.8671297333632086,43.5,-100.5
36,-119,4446,475302.35,2786,1548,112,0.6428241808952468,0.6266306792622582,36.5,-118.5
30,-97,4445,31757.04,4125,87,233,0.9793447293447294,0.9280089988751407,30.5,-96.5
27,-83,4438,105652.6,3218,1217,3,0.7255918827508455,0.7251013970256872,27.5,-82.5
27,-81,4433,197403.10001,2985,1441,7,0.6744238590149119,0.6733588991653507,27.5,-80.5
35,-88,4422,29384.1,4282,39,101,0.9909743115019671,0.968340117593849,35.5,-87.5
39,-76,4401,14413.05,4287,37,77,0.9914431082331174,0.9740967961826857,39.5,-75.5
31,-94,4340,59130.634,3887,290,163,0.9305721809911419,0.8956221198156682,31.5,-93.5
37,-108,4334,232374.44,1561,2547,226,0.37999026290165533,0.3601753576372866,37.5,-107.5
46,-93,4331,12302.261,4274,55,2,0.9872949872949873,0.9868390671900253,46.5,-92.5
31,-87,4315,49078.26,4196,116,3,0.9730983302411874,0.9724217844727694,31.5,-86.5
36,-82,4259,20618.92,3858,102,299,0.9742424242424242,0.9058464428269547,36.5,-81.5
44,-119,4244,424905.64,994,3249,1,0.23426820645769503,0.23421300659754948,44.5,-118.5
47,-115,4226,318829.99,2398,1676,152,0.5886107020127639,0.567439659252248,47.5,-114.5
31,-97,4222,52208.66,3884,64,274,0.983789260385005,0.9199431549028896,31.5,-96.5
35,-89,4174,28546.61,4077,46,51,0.9888430754305118,0.9767609008145663,35.5,-88.5
35,-107,4150,298397.8,2127,1548,475,0.5787755102040816,0.5125301204819277,35.5,-106.5
33,-94,4093,49305.81,3304,273,516,0.923679060665362,0.8072318592719276,33.5,-93.5
39,-124,4076,632155.64,3416,290,370,0.9217485159201295,0.8380765456329735,39.5,-123.5
40,-122,4070,538771.501,2221,1688,161,0.5681760040931184,0.5457002457002457,40.5,-121.5
40,-112,4065,207017.2724,2590,932,543,0.7353776263486655,0.6371463714637147,40.5,-111.5
40,-124,4039,982459.8,2662,1177,200,0.6934097421203438,0.6590740282248081,40.5,-123.5
48,-119,4030,268585.89999999997,2225,1768,37,0.5572251440020035,0.5521091811414393,48.5,-118.5
35,-96,4019,389684.36,3080,125,814,0.9609984399375975,0.7663597909927843,35.5,-95.5
46,-95,4017,32850.66,3964,51,2,0.9872976338729763,0.986806074184715,46.5,-94.5
34,-113,3968,323068.265,2237,1068,663,0.6768532526475037,0.5637600806451613,34.5,-112.5
48,-100,3962,36819.97,3940,8,14,0.9979736575481256,0.99444724886421,48.5,-99.5
42,-78,3943,5740.9388,3632,311,0,0.921126046157748,0.921126046157748,42.5,-77.5
43,-74,3941,6252.23705,3578,360,3,0.9085830370746572,0.907891398122304,43.5,-73.5
45,-90,3930,3150.849,3880,47,3,0.9880315762668704,0.9872773536895675,45.5,-89.5
36,-92,3922,86470.943,3464,36,422,0.9897142857142858,0.8832228454869965,36.5,-91.5
45,-122,3873,636341.61,3214,627,32,0.8367612600885186,0.8298476633100955,45.5,-121.5
33,-93,3864,37343.33,2907,308,649,0.904199066874028,0.7523291925465838,33.5,-92.5
34,-94,3852,72881.95,2975,492,385,0.8580905682145947,0.7723260643821391,34.5,-93.5
46,-116,3843,217825.62,438,3405,0,0.11397345823575332,0.11397345823575332,46.5,-115.5
32,-100,3831,163458.05999,3506,194,131,0.9475675675675675,0.9151657530670844,32.5,-99.5
40,-109,3825,263463.726,272,3529,24,0.07156011575901079,0.07111111111111111,40.5,-108.5
32,-88,3794,44585.06,3646,144,4,0.9620052770448548,0.9609910384818134,32.5,-87.5
36,-93,3759,123963.147,3365,67,327,0.9804778554778555,0.8951848895982975,36.5,-92.5
40,-121,3700,807771.65,1382,2231,87,0.382507611403266,0.37351351351351353,40.5,-120.5
46,-115,3690,622599.15,1338,2299,53,0.3678856200164971,0.36260162601626017,46.5,-114.5
48,-116,3677,186998.72,1544,2048,85,0.4298440979955457,0.4199075333152026,48.5,-115.5
42,-72,3676,6029.3457,3610,31,35,0.9914858555341939,0.9820457018498367,42.5,-71.5
37,-114,3662,528614.61001,1340,2001,321,0.4010775217000898,0.3659202621518296,37.5,-113.5
33,-109,3652,1366282.6746,390,3227,35,0.10782416367155101,0.10679079956188389,33.5,-108.5
35,-120,3650,208477.54,2971,57,622,0.9811756935270806,0.813972602739726,35.5,-119.5
35,-93,3638,91930.81,2973,123,542,0.9602713178294574,0.8172072567344695,35.5,-92.5
35,-119,3614,663604.77,2415,585,614,0.805,0.668234643054787,35.5,-118.5
39,-123,3602,938299.0900000001,2837,369,396,0.8849033063006863,0.7876179900055524,39.5,-122.5
45,-108,3597,426546.7,2894,588,115,0.8311315336013785,0.8045593550180706,45.5,-107.5
48,-118,3556,43145.51,2194,1325,37,0.6234725774367718,0.6169853768278966,48.5,-117.5
40,-73,3553,11120.969412499999,3355,177,21,0.9498867497168743,0.9442724458204335,40.5,-72.5
32,-89,3543,40884.54,3178,58,307,0.9820766378244746,0.8969799604854642,32.5,-88.5
25,-81,3538,550475.6,2909,579,50,0.8340022935779816,0.822215941209723,25.5,-80.5
42,-122,3525,165148.81,1377,2130,18,0.39264328485885375,0.39063829787234045,42.5,-121.5
37,-92,3459,90485.594,3384,30,45,0.9912126537785588,0.9783174327840416,37.5,-91.5
36,-107,3442,96404.45,1067,2139,236,0.3328134747348721,0.30999418942475304,36.5,-106.5
35,-102,3439,1026529.89,2995,247,197,0.9238124614435533,0.8708927013666764,35.5,-101.5
37,-113,3439,189956.101,776,2409,254,0.2436420722135008,0.22564699040418726,37.5,-112.5
48,-115,3380,297128.4,1843,1164,373,0.6129032258064516,0.5452662721893491,48.5,-114.5
38,-120,3378,312895.02,1211,2130,37,0.3624663274468722,0.35849615156897574,38.5,-119.5
37,-79,3369,22706.46,3211,147,11,0.956223942823109,0.9531018106262986,37.5,-78.5
17,-67,3350,24250.22,0,0,3350,,0.0,17.5,-66.5
43,-104,3323,330786.26901,1471,1795,57,0.4503980404164115,0.44267228408065,43.5,-103.5
43,-117,3298,673241.14,2853,434,11,0.867964709461515,0.8650697392359006,43.5,-116.5
33,-89,3269,32316.6,2948,69,252,0.9771295989393437,0.9018048332823494,33.5,-88.5
36,-78,3269,21249.46,2866,155,248,0.9486924859318107,0.8767207096971551,36.5,-77.5
40,-105,3259,45886.919,2433,71,755,0.9716453674121406,0.7465480208652961,40.5,-104.5
44,-70,3255,2889.8,2404,52,799,0.9788273615635179,0.7385560675883257,44.5,-69.5
31,-86,3230,22985.03,3128,101,1,0.968720966243419,0.968421052631579,31.5,-85.5
46,-94,3198,36438.58,3152,40,6,0.9874686716791979,0.9856160100062539,46.5,-93.5
46,-114,3182,291360.04,1343,1652,187,0.44841402337228714,0.42206159648020114,46.5,-113.5
48,-117,3174,41671.672,1470,1698,6,0.4640151515151515,0.46313799621928164,48.5,-116.5
43,-77,3173,2286.06145,2964,209,0,0.9341317365269461,0.9341317365269461,43.5,-76.5
41,-73,3171,5584.78055,2953,44,174,0.9853186519853186,0.9312519709870704,41.5,-72.5
44,-120,3114,276904.82,676,2434,4,0.21736334405144694,0.21708413615928066,44.5,-119.5
30,-99,3096,76036.06,2867,90,139,0.9695637470409199,0.9260335917312662,30.5,-98.5
42,-75,3083,4163.119828,2854,229,0,0.9257216996432047,0.9257216996432047,42.5,-74.5
47,-117,3077,33135.36,1573,1492,12,0.5132137030995106,0.5112122196945076,47.5,-116.5
32,-94,3066,32306.8181,2710,186,170,0.9357734806629834,0.8838878016960209,32.5,-93.5
31,-111,3050,317489.962,2052,530,468,0.7947327652982185,0.6727868852459017,31.5,-110.5
44,-116,3048,1026385.08,523,2524,1,0.17164424023629798,0.17158792650918636,44.5,-115.5
48,-120,3036,1307627.6273,1554,1454,28,0.5166223404255319,0.5118577075098815,48.5,-119.5
36,-77,2986,26113.59,2507,178,301,0.933705772811918,0.8395847287340924,36.5,-76.5
41,-122,2976,325736.89,877,2057,42,0.2989093387866394,0.29469086021505375,41.5,-121.5
42,-76,2965,3388.3906875000002,2769,196,0,0.9338954468802698,0.9338954468802698,42.5,-75.5
47,-93,2962,21215.94,2825,124,13,0.9579518480840963,0.9537474679270763,47.5,-92.5
34,-87,2959,27164.98,2905,16,38,0.9945224238274564,0.981750591416019,34.5,-86.5
38,-79,2951,78325.56,2788,160,3,0.9457259158751696,0.9447644866147069,38.5,-78.5
38,-106,2895,81586.56300000001,1573,908,414,0.634018540910923,0.5433506044905009,38.5,-105.5
37,-93,2894,94410.63,2868,14,12,0.9951422623178349,0.9910158949550795,37.5,-92.5
45,-107,2866,943947.1602,1079,1769,18,0.3788623595505618,0.3764829030006978,45.5,-106.5
40,-76,2853,6505.94132,2832,21,0,0.9926393270241851,0.9926393270241851,40.5,-75.5
45,-116,2851,1450675.89,142,2709,0,0.04980708523325149,0.04980708523325149,45.5,-115.5
36,-89,2850,16211.89,2609,53,188,0.9800901577761082,0.915438596491228,36.5,-88.5
28,-81,2848,205380.4,1513,1240,95,0.5495822738830367,0.53125,28.5,-80.5
32,-112,2837,68720.438,2067,101,669,0.9534132841328413,0.7285865350722595,32.5,-111.5
43,-76,2837,2505.9674375,2603,234,0,0.9175185054635178,0.9175185054635178,43.5,-75.5
41,-121,2812,267930.43,699,2084,29,0.2511678045274883,0.24857752489331436,41.5,-120.5
47,-116,2768,138819.32,763,1963,42,0.27989728539985326,0.27565028901734107,47.5,-115.5
36,-108,2761,21413.835,316,2439,6,0.1147005444646098,0.1144512857660268,36.5,-107.5
33,-106,2747,535808.0688,1552,935,260,0.6240450341777242,0.5649799781579905,33.5,-105.5
32,-93,2719,22499.6591,2432,145,142,0.943733022894839,0.8944464876792939,32.5,-92.5
36,-83,2719,65703.12,2569,70,80,0.9734748010610079,0.944832659065833,36.5,-82.5
46,-101,2709,66848.825,2579,102,28,0.9619544945915703,0.9520118124769288,46.5,-100.5
37,-98,2705,19074.59,2656,19,30,0.9928971962616823,0.9818853974121996,37.5,-97.5
38,-109,2696,119944.63399999999,678,1908,110,0.26218097447795824,0.25148367952522255,38.5,-108.5
47,-114,2684,711367.87,1082,1469,133,0.42414739317914546,0.40312965722801786,47.5,-113.5
45,-89,2683,3725.047,2585,92,6,0.9656331714605902,0.963473723443906,45.5,-88.5
44,-121,2682,433771.4,738,1938,6,0.2757847533632287,0.2751677852348993,44.5,-120.5
45,-115,2670,1440611.93,217,2451,2,0.08133433283358321,0.08127340823970038,45.5,-114.5
44,-104,2666,130797.245,1663,872,131,0.6560157790927021,0.6237809452363091,44.5,-103.5
39,-79,2658,9345.036559,2528,82,48,0.9685823754789272,0.9510910458991723,39.5,-78.5
35,-113,2647,80384.17,891,1669,87,0.348046875,0.33660748016622594,35.5,-112.5
44,-89,2630,5551.196,2516,37,77,0.9855072463768116,0.9566539923954372,44.5,-88.5
45,-92,2617,3592.29,2565,35,17,0.9865384615384616,0.9801299197554452,45.5,-91.5
45,-123,2610,160324.34,2469,107,34,0.9584627329192547,0.9459770114942528,45.5,-122.5
36,-113,2607,386189.6,654,1941,12,0.2520231213872832,0.2508630609896433,36.5,-112.5
35,-109,2597,42682.090000000004,1541,1026,30,0.6003116478379431,0.5933769734308818,35.5,-108.5
34,-107,2589,105332.41699,1908,292,389,0.8672727272727273,0.7369640787949016,34.5,-106.5
39,-112,2582,455188.03,1018,1313,251,0.4367224367224367,0.39426800929512007,39.5,-111.5
43,-91,2580,7131.857,2522,37,21,0.9855412270418132,0.9775193798449613,43.5,-90.5
35,-94,2563,40896.61,2099,173,291,0.9238556338028169,0.8189621537261023,35.5,-93.5
40,-113,2562,934069.101,1091,1295,176,0.4572506286672255,0.4258391881342701,40.5,-112.5
44,-123,2558,414134.89,1921,632,5,0.7524481002741872,0.7509773260359656,44.5,-122.5
48,-95,2554,13295.53,2543,11,0,0.9956930305403289,0.9956930305403289,48.5,-94.5
37,-78,2550,12224.35,2442,101,7,0.9602831301612269,0.9576470588235294,37.5,-77.5
45,-93,2536,8089.442,2425,81,30,0.9676775738228253,0.956230283911672,45.5,-92.5
48,-106,2536,85879.32,2373,146,17,0.9420404922588329,0.9357255520504731,48.5,-105.5
29,-98,2513,43026.63,2364,44,105,0.9817275747508306,0.940708316752885,29.5,-97.5
36,-116,2504,175642.79,1357,1138,9,0.5438877755511022,0.5419329073482428,36.5,-115.5
36,-114,2500,395377.64,410,2077,13,0.16485725774024929,0.164,36.5,-113.5
39,-120,2496,555432.7,1413,1048,35,0.5741568468102397,0.5661057692307693,39.5,-119.5
46,-117,2489,266947.19,1342,1145,2,0.5396059509449136,0.5391723583768582,46.5,-116.5
45,-117,2481,1133077.6300000001,565,1916,0,0.22773075372833534,0.22773075372833534,45.5,-116.5
47,-121,2463,745365.24,1456,954,53,0.604149377593361,0.5911490052781161,47.5,-120.5
46,-121,2463,676729.1,2165,273,25,0.8880229696472518,0.8790093382054405,46.5,-120.5
43,-124,2456,10820.9,2017,438,1,0.8215885947046844,0.8212540716612378,43.5,-123.5
45,-119,2454,163199.87,1213,1232,9,0.49611451942740287,0.49429502852485735,45.5,-118.5
44,-74,2452,4694.5780625,2214,233,5,0.9047813649366572,0.9029363784665579,44.5,-73.5
35,-87,2438,11658.83,2388,19,31,0.9921063564603241,0.9794913863822805,35.5,-86.5
36,-96,2434,140854.4,1835,85,514,0.9557291666666666,0.7539030402629416,36.5,-95.5
48,-114,2431,350611.9,1924,485,22,0.7986716479867165,0.7914438502673797,48.5,-113.5
36,-97,2400,674139.41,2236,152,12,0.9363484087102177,0.9316666666666666,36.5,-96.5
39,-96,2399,53452.731999999996,2364,22,13,0.9907795473595976,0.9854105877448937,39.5,-95.5
44,-85,2382,46967.17,2171,61,150,0.9726702508960573,0.9114189756507137,44.5,-84.5
37,-110,2377,32536.49,297,1983,97,0.13026315789473683,0.12494741270509045,37.5,-109.5
43,-71,2364,2346.252,1875,56,433,0.9709994821336095,0.7931472081218274,43.5,-70.5
28,-98,2361,50017.61,2182,34,145,0.9846570397111913,0.9241846675137654,28.5,-97.5
38,-96,2357,60483.85,2300,13,44,0.9943795936013835,0.9758167161646161,38.5,-95.5
47,-100,2352,23177.9,2333,14,5,0.994034938219003,0.9919217687074829,47.5,-99.5
34,-110,2343,112968.19,1087,1037,219,0.5117702448210922,0.4639351259069569,34.5,-109.5
43,-79,2318,1431.345,2058,252,8,0.8909090909090909,0.8878343399482312,43.5,-78.5
61,-150,2314,45345.1,2168,27,119,0.9876993166287016,0.9369057908383751,61.5,-149.5
46,-96,2310,32310.74,2250,18,42,0.9920634920634921,0.974025974025974,46.5,-95.5
44,-100,2307,36873.3631,2078,205,24,0.9102058694699956,0.9007368877329865,44.5,-99.5
44,-76,2292,2224.5005125,2164,127,1,0.9445656918376255,0.944153577661431,44.5,-75.5
35,-77,2265,68175.99,1822,183,260,0.9087281795511222,0.8044150110375275,35.5,-76.5
35,-92,2260,50557.3,1855,47,358,0.9752891692954785,0.8207964601769911,35.5,-91.5
36,-94,2258,50746.457,2038,37,183,0.9821686746987952,0.9025686448184234,36.5,-93.5
34,-117,2244,202924.45,1472,620,152,0.7036328871892925,0.6559714795008913,34.5,-116.5
44,-75,2238,2899.85365,2075,163,0,0.9271671134941912,0.9271671134941912,44.5,-74.5
44,-91,2229,6255.13161,2145,51,33,0.976775956284153,0.9623149394347241,44.5,-90.5
47,-94,2228,8271.26,2161,62,5,0.9721097615834458,0.9699281867145422,47.5,-93.5
34,-99,2228,249385.28,1972,134,122,0.936372269705603,0.8850987432675045,34.5,-98.5
31,-99,2211,113894.94,1964,81,166,0.9603911980440097,0.8882858435097241,31.5,-98.5
39,-107,2200,35832.428,1337,703,160,0.6553921568627451,0.6077272727272728,39.5,-106.5
21,-158,2196,28355.39,6,0,2190,1.0,0.00273224043715847,21.5,-157.5
38,-113,2168,718739.364,581,1475,112,0.2825875486381323,0.2679889298892989,38.5,-112.5
46,-123,2165,3984.41,2011,109,45,0.9485849056603773,0.9288683602771363,46.5,-122.5
43,-116,2163,1521400.54,978,1182,3,0.4527777777777778,0.4521497919556172,43.5,-115.5
39,-108,2162,117843.601,613,1396,153,0.3051269288203086,0.2835337650323774,39.5,-107.5
44,-69,2156,2313.5,1678,51,427,0.9705031810294968,0.7782931354359925,44.5,-68.5
40,-110,2145,65071.222,1073,980,92,0.5226497808085728,0.5002331002331002,40.5,-109.5
35,-114,2143,106315.85,1034,916,193,0.5302564102564102,0.4825011665888941,35.5,-113.5
39,-81,2122,5321.17,2097,25,0,0.9882186616399623,0.9882186616399623,39.5,-80.5
43,-86,2122,7191.69,2010,93,19,0.9557774607703281,0.9472196041470311,43.5,-85.5
42,-73,2101,2442.083,1966,120,15,0.9424736337488016,0.9357448833888624,42.5,-72.5
26,-81,2099,1425028.7,1301,787,11,0.6230842911877394,0.6198189614101953,26.5,-80.5
37,-115,2090,1001342.55,262,1821,7,0.1257801248199712,0.12535885167464114,37.5,-114.5
38,-108,2086,20015.281,1067,747,272,0.5882028665931642,0.5115052732502396,38.5,-107.5
45,-118,2075,74434.86,493,1582,0,0.23759036144578313,0.23759036144578313,45.5,-117.5
46,-122,2067,167849.07,1268,785,14,0.6176327325864588,0.6134494436381229,46.5,-121.5
35,-110,2065,27478.56,1111,922,32,0.5464830300049188,0.5380145278450363,35.5,-109.5
29,-84,2065,96105.6,1429,632,4,0.6933527413876759,0.6920096852300243,29.5,-83.5
37,-80,2061,77520.59001,1867,186,8,0.9094008767657087,0.905870936438622,37.5,-79.5
37,-85,2041,43944.01,1687,13,341,0.9923529411764705,0.8265556099951005,37.5,-84.5
46,-113,2034,41268.29,1028,800,206,0.562363238512035,0.5054080629301868,46.5,-112.5
41,-112,2020,84117.532,1284,469,267,0.7324586423274386,0.6356435643564357,41.5,-111.5
35,-106,2012,155983.74,721,909,382,0.4423312883435583,0.35834990059642147,35.5,-105.5
45,-102,1996,85056.226,1474,495,27,0.7486033519553073,0.7384769539078156,45.5,-101.5
35,-115,1978,122879.16500000001,1329,313,336,0.8093788063337394,0.6718907987866531,35.5,-114.5
44,-117,1969,416122.51,845,1121,3,0.42980671414038657,0.4291518537328593,44.5,-116.5
39,-113,1957,703824.655,545,1310,102,0.29380053908355797,0.2784874808380174,39.5,-112.5
38,-84,1952,38937.91,1612,17,323,0.9895641497851443,0.8258196721311475,38.5,-83.5
32,-101,1904,416421.4,1663,166,75,0.9092400218698743,0.8734243697478992,32.5,-100.5
31,-100,1883,121035.88,1672,142,69,0.9217199558985667,0.8879447689856612,31.5,-99.5
37,-119,1883,114248.72,991,838,54,0.5418261344997266,0.5262878385554965,37.5,-118.5
37,-81,1880,44611.63,1799,78,3,0.958444326052211,0.9569148936170213,37.5,-80.5
44,-71,1869,1783.28,1427,51,391,0.9654939106901218,0.763509898341359,44.5,-70.5
36,-106,1863,226410.6,812,902,149,0.47374562427071176,0.43585614600107353,36.5,-105.5
32,-91,1843,24556.3,1619,17,207,0.9896088019559902,0.8784590341833967,32.5,-90.5
38,-110,1842,41496.599,574,1185,83,0.32632177373507676,0.3116178067318133,38.5,-109.5
47,-122,1827,51014.86,1451,345,31,0.8079064587973274,0.7941981390257252,47.5,-121.5
38,-78,1824,7277.2,1776,29,19,0.9839335180055402,0.9736842105263158,38.5,-77.5
41,-76,1819,26157.92795,1792,25,2,0.9862410566868465,0.9851566794942276,41.5,-75.5
35,-97,1815,508378.22000000003,1744,45,26,0.9748462828395752,0.9608815426997245,35.5,-96.5
18,-66,1798,13956.65,180,0,1618,1.0,0.10011123470522804,18.5,-65.5
33,-119,1786,18826.51,964,1,821,0.9989637305699481,0.5397536394176932,33.5,-118.5
46,-92,1783,11959.876,1720,56,7,0.9684684684684685,0.9646662927650028,46.5,-91.5
36,-86,1763,36417.9,1600,12,151,0.9925558312655087,0.9075439591605219,36.5,-85.5
38,-81,1761,12365.06,1728,33,0,0.9812606473594548,0.9812606473594548,38.5,-80.5
43,-75,1756,2903.7409625,1564,192,0,0.8906605922551253,0.8906605922551253,43.5,-74.5
32,-103,1749,399535.45,1510,192,47,0.8871915393654524,0.8633504859919954,32.5,-102.5
64,-148,1746,255841.89999,1625,78,43,0.9541984732824428,0.9306987399770905,64.5,-147.5
45,-91,1721,3168.92,1677,40,4,0.976703552708212,0.9744334689134224,45.5,-90.5
37,-91,1711,34978.983,1690,16,5,0.9906213364595545,0.9877264757451782,37.5,-90.5
41,-72,1708,1954.06,1643,12,53,0.992749244712991,0.961943793911007,41.5,-71.5
45,-88,1695,3790.225,1610,45,40,0.972809667673716,0.9498525073746312,45.5,-87.5
32,-102,1680,135017.85,1527,64,89,0.9597737272155877,0.9089285714285714,32.5,-101.5
45,-101,1679,85056.751,1401,245,33,0.8511543134872418,0.8344252531268612,45.5,-100.5
44,-86,1672,5652.59,1544,74,54,0.9542645241038319,0.9234449760765551,44.5,-85.5
33,-79,1667,36983.67,1443,29,195,0.9802989130434783,0.865626874625075,33.5,-78.5
40,-77,1667,5389.81501,1659,8,0,0.9952009598080384,0.9952009598080384,40.5,-76.5
48,-121,1651,1197127.56,513,1124,14,0.31337813072693954,0.3107207752877044,48.5,-120.5
28,-100,1650,126029.21999999999,1550,5,95,0.9967845659163987,0.9393939393939394,28.5,-99.5
42,-121,1637,306963.9,310,1320,7,0.1901840490797546,0.1893708002443494,42.5,-120.5
42,-80,1634,1394.99085,1502,128,4,0.9214723926380368,0.9192166462668299,42.5,-79.5
38,-77,1626,28487.53,1406,59,161,0.9597269624573379,0.8646986469864698,38.5,-76.5
44,-124,1624,4803.03,1506,113,5,0.9302038295243977,0.9273399014778325,44.5,-123.5
34,-115,1616,41913.979999999996,1291,69,256,0.9492647058823529,0.7988861386138614,34.5,-114.5
38,-93,1614,26632.2695,1596,9,9,0.994392523364486,0.9888475836431226,38.5,-92.5
31,-92,1601,30713.5,1380,57,164,0.9603340292275574,0.8619612742036228,31.5,-91.5
28,-99,1600,32963.65,1511,21,68,0.9862924281984334,0.944375,28.5,-98.5
37,-94,1599,29123.35,1574,12,13,0.9924337957124842,0.9843652282676673,37.5,-93.5
45,-109,1586,89329.74999,1079,390,117,0.7345132743362832,0.680327868852459,45.5,-108.5
38,-94,1584,56542.858,1521,17,46,0.9889466840052016,0.9602272727272727,38.5,-93.5
38,-95,1576,23012.002,1464,17,95,0.9885212694125591,0.9289340101522843,38.5,-94.5
43,-102,1544,84212.315,1214,281,49,0.8120401337792642,0.7862694300518135,43.5,-101.5
40,-111,1514,247096.209,617,795,102,0.4369688385269122,0.40752972258916775,40.5,-110.5
35,-76,1512,76817.5,1374,53,85,0.9628591450595655,0.9087301587301587,35.5,-75.5
48,-96,1500,224843.80000000002,1468,24,8,0.9839142091152815,0.9786666666666667,48.5,-95.5
32,-110,1499,115010.57,894,449,156,0.6656738644825019,0.5963975983989326,32.5,-109.5
43,-121,1490,68066.84,155,1329,6,0.10444743935309973,0.1040268456375839,43.5,-120.5
41,-71,1472,844.72,1393,37,42,0.9741258741258741,0.9463315217391305,41.5,-70.5
47,-124,1464,17615.420000000002,1162,271,31,0.8108862526168876,0.7937158469945356,47.5,-123.5
43,-109,1462,182635.19,1173,216,73,0.8444924406047516,0.8023255813953488,43.5,-108.5
46,-124,1454,3437.13,1370,50,34,0.9647887323943662,0.9422283356258597,46.5,-123.5
33,-91,1442,22355.6,1252,7,183,0.9944400317712471,0.8682385575589459,33.5,-90.5
43,-111,1441,246532.54,546,864,31,0.3872340425531915,0.3789035392088827,43.5,-110.5
45,-124,1438,6201.81,1368,66,4,0.9539748953974896,0.9513212795549374,45.5,-123.5
32,-115,1430,16986.98,1306,37,87,0.9724497393894267,0.9132867132867133,32.5,-114.5
36,-109,1416,9623.08,952,461,3,0.6737438075017693,0.672316384180791,36.5,-108.5
39,-80,1402,3829.58,1365,18,19,0.9869848156182213,0.9736091298145506,39.5,-79.5
42,-115,1401,684932.08,992,406,3,0.709585121602289,0.7080656673804425,42.5,-114.5
44,-84,1395,7238.714,1319,31,45,0.977037037037037,0.9455197132616487,44.5,-83.5
36,-88,1394,11526.07,1320,12,62,0.990990990990991,0.9469153515064562,36.5,-87.5
48,-97,1391,308039.67,1376,7,8,0.9949385394070861,0.9892163910855499,48.5,-96.5
44,-68,1388,7336.5,861,28,499,0.968503937007874,0.6203170028818443,44.5,-67.5
37,-77,1386,8021.75,1306,78,2,0.9436416184971098,0.9422799422799423,37.5,-76.5
42,-71,1382,851.4496,1362,10,10,0.9927113702623906,0.9855282199710564,42.5,-70.5
40,-79,1381,6682.06398,1355,26,0,0.9811730629978277,0.9811730629978277,40.5,-78.5
32,-104,1381,452450.11,778,95,508,0.8911798396334479,0.5633598841419262,32.5,-103.5
45,-69,1374,1786.05,929,116,329,0.8889952153110048,0.6761280931586608,45.5,-68.5
43,-120,1366,267391.68,298,1068,0,0.21815519765739386,0.21815519765739386,43.5,-119.5
32,-105,1361,273114.57,949,337,75,0.7379471228615864,0.6972814107274063,32.5,-104.5
37,-95,1359,15946.916,1351,5,3,0.9963126843657817,0.9941133186166299,37.5,-94.5
38,-115,1357,123514.4,77,1278,2,0.05682656826568266,0.056742815033161385,38.5,-114.5
39,-82,1351,3536.0,1326,24,1,0.9822222222222222,0.9814951887490747,39.5,-81.5
33,-92,1351,20307.010000000002,917,77,357,0.9225352112676056,0.6787564766839378,33.5,-91.5
34,-120,1349,596808.58,911,147,291,0.8610586011342155,0.6753150481838399,34.5,-119.5
32,-118,1349,14546.81,734,4,611,0.994579945799458,0.5441067457375834,32.5,-117.5
42,-97,1346,29784.649,1242,4,100,0.9967897271268058,0.9227340267459139,42.5,-96.5
43,-72,1338,2247.175,1288,49,1,0.9633507853403142,0.9626307922272048,43.5,-71.5
38,-124,1323,59525.0,1134,30,159,0.9742268041237113,0.8571428571428571,38.5,-123.5
35,-101,1306,868958.1,1028,249,29,0.8050117462803446,0.7871362940275651,35.5,-100.5
46,-112,1305,216026.02,700,520,85,0.5737704918032787,0.5363984674329502,46.5,-111.5
35,-111,1301,4304.91,1174,107,20,0.9164715066354411,0.9023827824750192,35.5,-110.5
35,-99,1298,119381.33,1248,44,6,0.9659442724458205,0.9614791987673343,35.5,-98.5
34,-102,1298,200448.16,979,206,113,0.8261603375527427,0.7542372881355932,34.5,-101.5
31,-110,1296,424271.844,636,455,205,0.5829514207149404,0.49074074074074076,31.5,-109.5
42,-109,1286,28567.89,1049,166,71,0.8633744855967078,0.8157076205287714,42.5,-108.5
39,-78,1283,5079.281,1211,27,45,0.9781906300484653,0.9438815276695246,39.5,-77.5
45,-95,1279,15352.71,1262,7,10,0.9944838455476753,0.9867083659108679,45.5,-94.5
44,-102,1279,88809.59101,898,368,13,0.7093206951026856,0.7021110242376857,44.5,-101.5
38,-92,1276,12176.079,1251,12,13,0.9904988123515439,0.9804075235109718,38.5,-91.5
38,-98,1261,88351.24,1201,23,37,0.9812091503267973,0.9524187153053132,38.5,-97.5
30,-100,1259,104819.55,1125,118,16,0.9050683829444891,0.8935663224781573,30.5,-99.5
29,-96,1256,46048.53,1164,48,44,0.9603960396039604,0.9267515923566879,29.5,-95.5
41,-125,1254,1250.53,1100,47,107,0.9590235396687009,0.8771929824561403,41.5,-124.5
34,-109,1250,58310.98,413,816,21,0.3360455655004068,0.3304,34.5,-108.5
44,-108,1248,106597.64,711,444,93,0.6155844155844156,0.5697115384615384,44.5,-107.5
39,-83,1242,4214.4800000000005,1232,7,3,0.9943502824858758,0.9919484702093397,39.5,-82.5
26,-83,1230,21583.8,755,471,4,0.6158238172920065,0.6138211382113821,26.5,-82.5
48,-110,1229,47626.63,1128,94,7,0.9230769230769231,0.9178193653376729,48.5,-109.5
48,-123,1228,1705.77,1174,38,16,0.9686468646864687,0.9560260586319218,48.5,-122.5
33,-102,1215,161609.91999999998,1109,94,12,0.9218620116375728,0.9127572016460905,33.5,-101.5
39,-95,1214,8158.887,1099,6,109,0.9945701357466064,0.9052718286655683,39.5,-94.5
32,-109,1210,100276.825,435,488,287,0.4712892741061755,0.359504132231405,32.5,-108.5
41,-113,1205,334961.696,645,327,233,0.6635802469135802,0.5352697095435685,41.5,-112.5
47,-103,1204,29466.440000000002,816,388,0,0.6777408637873754,0.6777408637873754,47.5,-102.5
48,-101,1200,40115.0,1108,13,79,0.9884032114183765,0.9233333333333333,48.5,-100.5
42,-113,1197,446656.94,531,664,2,0.44435146443514645,0.44360902255639095,42.5,-112.5
37,-97,1194,220126.35,1147,13,34,0.9887931034482759,0.9606365159128978,37.5,-96.5
44,-106,1192,107778.0692,636,433,123,0.5949485500467727,0.5335570469798657,44.5,-105.5
33,-108,1190,336413.03,82,1060,48,0.07180385288966724,0.06890756302521009,33.5,-107.5
37,-96,1183,36856.241,1166,8,9,0.9931856899488927,0.9856297548605241,37.5,-95.5
42,-84,1182,2155.24,1048,131,3,0.8888888888888888,0.8866328257191202,42.5,-83.5
43,-125,1172,1855.45,1100,68,4,0.9417808219178082,0.9385665529010239,43.5,-124.5
31,-101,1169,307760.33,1017,126,26,0.889763779527559,0.8699743370402053,31.5,-100.5
42,-86,1166,2951.2,1056,97,13,0.9158716392020815,0.9056603773584906,42.5,-85.5
37,-107,1159,72650.049,428,578,153,0.4254473161033797,0.36928386540120794,37.5,-106.5
41,-110,1142,126098.55,404,698,40,0.3666061705989111,0.35376532399299476,41.5,-109.5
32,-106,1132,259905.26,533,549,50,0.4926062846580407,0.4708480565371025,32.5,-105.5
35,-108,1131,20304.989999999998,726,374,31,0.66,0.6419098143236074,35.5,-107.5
34,-97,1130,114323.42,1001,73,56,0.9320297951582868,0.8858407079646018,34.5,-96.5
40,-125,1126,18473.54,887,44,195,0.9527389903329753,0.7877442273534636,40.5,-124.5
31,-112,1125,324905.296,847,160,118,0.8411122144985105,0.7528888888888889,31.5,-111.5
41,-104,1119,41353.38,991,121,7,0.8911870503597122,0.8856121537086684,41.5,-103.5
26,-98,1118,35088.5,851,31,236,0.9648526077097506,0.761180679785331,26.5,-97.5
39,-110,1112,176440.75,115,966,31,0.10638297872340426,0.10341726618705036,39.5,-109.5
33,-105,1109,119692.23,740,217,152,0.7732497387669801,0.6672678088367899,33.5,-104.5
40,-116,1109,298235.453,381,727,1,0.34386281588447654,0.3435527502254283,40.5,-115.5
34,-101,1100,294055.31,778,300,22,0.7217068645640075,0.7072727272727273,34.5,-100.5
33,-104,1098,730836.469,424,288,386,0.5955056179775281,0.3861566484517304,33.5,-103.5
44,-118,1096,517637.2,465,629,2,0.4250457038391225,0.42427007299270075,44.5,-117.5
45,-114,1095,220634.77,297,794,4,0.27222731439046743,0.27123287671232876,45.5,-113.5
47,-123,1091,2030.47,1026,20,45,0.9808795411089866,0.9404216315307058,47.5,-122.5
38,-80,1089,24381.329999999998,997,91,1,0.9163602941176471,0.9155188246097337,38.5,-79.5
41,-88,1083,7854.75,1021,29,33,0.9723809523809523,0.9427516158818098,41.5,-87.5
38,-91,1080,5482.083,929,11,140,0.9882978723404255,0.8601851851851852,38.5,-90.5
47,-92,1065,100289.54,894,159,12,0.8490028490028491,0.8394366197183099,47.5,-91.5
34,-77,1064,28054.78,971,36,57,0.9642502482621649,0.9125939849624061,34.5,-76.5
43,-85,1064,3550.66901,913,98,53,0.9030662710187932,0.8580827067669173,43.5,-84.5
42,-114,1054,1034923.27,567,483,4,0.54,0.5379506641366224,42.5,-113.5
45,-120,1048,202708.07,428,571,49,0.42842842842842843,0.4083969465648855,45.5,-119.5
38,-76,1038,41996.95,884,54,100,0.9424307036247335,0.8516377649325626,38.5,-75.5
29,-95,1021,341544.15,529,167,325,0.7600574712643678,0.5181194906953966,29.5,-94.5
35,-116,1005,173493.9,566,420,19,0.5740365111561866,0.56318407960199,35.5,-115.5
44,-105,1002,72636.53,309,560,133,0.35558112773302647,0.3083832335329341,44.5,-104.5
36,-91,994,14849.388,970,6,18,0.9938524590163934,0.9758551307847082,36.5,-90.5
38,-112,987,24123.58,273,686,28,0.2846715328467153,0.2765957446808511,38.5,-111.5
48,-122,987,28585.25,620,355,12,0.6358974358974359,0.6281661600810537,48.5,-121.5
43,-97,985,12923.0242,844,16,125,0.9813953488372092,0.8568527918781725,43.5,-96.5
34,-104,984,297962.21,341,220,423,0.6078431372549019,0.3465447154471545,34.5,-103.5
27,-98,977,110432.73999999999,848,36,93,0.9592760180995475,0.8679631525076765,27.5,-97.5
42,-106,975,324198.02499999997,228,632,115,0.2651162790697674,0.23384615384615384,42.5,-105.5
37,-112,973,11641.91,121,830,22,0.12723449001051526,0.12435765673175746,37.5,-111.5
40,-97,970,14308.4491,957,10,3,0.9896587383660806,0.98659793814433,40.5,-96.5
38,-107,967,18996.865999999998,482,410,75,0.5403587443946188,0.4984488107549121,38.5,-106.5
28,-97,958,54382.76,834,30,94,0.9652777777777778,0.8705636743215032,28.5,-96.5
42,-107,957,121333.897,429,348,180,0.5521235521235521,0.4482758620689655,42.5,-106.5
39,-111,947,32402.47,291,600,56,0.3265993265993266,0.307286166842661,39.5,-110.5
43,-99,941,24845.101,807,40,94,0.9527744982290437,0.8575982996811902,43.5,-98.5
45,-85,938,2534.01,862,30,46,0.9663677130044843,0.9189765458422174,45.5,-84.5
40,-108,937,103109.091,260,636,41,0.29017857142857145,0.27748132337246534,40.5,-107.5
34,-91,937,18421.69,879,10,48,0.9887514060742407,0.9381003201707577,34.5,-90.5
43,-119,931,742289.89,240,684,7,0.2597402597402597,0.2577873254564984,43.5,-118.5
33,-115,922,60122.36,759,57,106,0.9301470588235294,0.8232104121475055,33.5,-114.5
47,-119,920,411469.7,620,297,3,0.6761177753544165,0.6739130434782609,47.5,-118.5
41,-77,917,2998.231,910,7,0,0.9923664122137404,0.9923664122137404,41.5,-76.5
20,-157,914,76745.03,34,0,880,1.0,0.037199124726477024,20.5,-156.5
41,-97,913,8928.4377,888,6,19,0.9932885906040269,0.9726177437020811,41.5,-96.5
37,-87,911,15752.45,676,3,232,0.9955817378497791,0.7420417124039517,37.5,-86.5
39,-97,910,114468.78,895,6,9,0.9933407325194229,0.9835164835164835,39.5,-96.5
46,-91,903,1245.846,854,43,6,0.9520624303232998,0.9457364341085271,46.5,-90.5
29,-100,899,30601.2,862,17,20,0.9806598407281001,0.9588431590656284,29.5,-99.5
41,-79,896,3470.35679,876,18,2,0.9798657718120806,0.9776785714285714,41.5,-78.5
48,-109,895,98333.9,785,107,3,0.8800448430493274,0.8770949720670391,48.5,-108.5
35,-90,894,9612.39,874,10,10,0.9886877828054299,0.9776286353467561,35.5,-89.5
42,-116,893,2432670.33,483,410,0,0.5408734602463606,0.5408734602463606,42.5,-115.5
36,-110,886,8494.91,373,512,1,0.4214689265536723,0.42099322799097066,36.5,-109.5
44,-92,882,4486.21501,827,6,49,0.992797118847539,0.937641723356009,44.5,-91.5
40,-117,876,1681997.0,370,502,4,0.4243119266055046,0.4223744292237443,40.5,-116.5
45,-70,876,1678.72,553,89,234,0.8613707165109035,0.6312785388127854,45.5,-69.5
46,-69,874,1565.29,610,112,152,0.8448753462603878,0.6979405034324943,46.5,-68.5
40,-118,866,457749.38,467,397,2,0.5405092592592593,0.5392609699769053,40.5,-117.5
36,-115,855,268117.79,608,236,11,0.7203791469194313,0.7111111111111111,36.5,-114.5
46,-118,851,226179.34,269,568,14,0.3213859020310633,0.31609870740305523,46.5,-117.5
19,-156,839,121115.64,119,43,677,0.7345679012345679,0.14183551847437426,19.5,-155.5
34,-103,830,116456.57,668,95,67,0.8754914809960681,0.8048192771084337,34.5,-102.5
37,-89,824,8085.006,745,8,71,0.9893758300132802,0.904126213592233,37.5,-88.5
37,-86,820,7819.28,622,6,192,0.9904458598726115,0.7585365853658537,37.5,-85.5
38,-114,815,124878.45,59,718,38,0.07593307593307594,0.07239263803680981,38.5,-113.5
43,-115,813,766271.09,482,330,1,0.5935960591133005,0.5928659286592866,43.5,-114.5
43,-89,812,10736.68,709,10,93,0.9860917941585535,0.8731527093596059,43.5,-88.5
42,-85,809,2272.4,701,102,6,0.8729763387297634,0.8665018541409147,42.5,-84.5
44,-115,805,414721.35,264,541,0,0.3279503105590062,0.3279503105590062,44.5,-114.5
45,-121,797,623170.86,565,217,15,0.7225063938618926,0.7089084065244667,45.5,-120.5
29,-97,797,16515.0,756,13,28,0.9830949284785435,0.9485570890840652,29.5,-96.5
41,-118,784,1303613.85,452,332,0,0.576530612244898,0.576530612244898,41.5,-117.5
43,-98,781,13345.899,730,7,44,0.9905020352781547,0.9346991037131882,43.5,-97.5
37,-105,780,69822.136,444,152,184,0.7449664429530202,0.5692307692307692,37.5,-104.5
46,-68,779,2112.61,557,7,215,0.9875886524822695,0.7150192554557124,46.5,-67.5
39,-115,779,70835.69,190,586,3,0.24484536082474226,0.24390243902439024,39.5,-114.5
33,-100,770,134544.83,627,108,35,0.8530612244897959,0.8142857142857143,33.5,-99.5
39,-116,768,47423.57,52,709,7,0.0683311432325887,0.06770833333333333,39.5,-115.5
43,-87,766,3445.92499,723,25,18,0.9665775401069518,0.943864229765013,43.5,-86.5
37,-88,762,14102.25,560,11,191,0.9807355516637478,0.7349081364829396,37.5,-87.5
40,-78,762,3249.558,736,26,0,0.9658792650918635,0.9658792650918635,40.5,-77.5
45,-113,758,31117.46,448,289,21,0.6078697421981004,0.5910290237467019,45.5,-112.5
32,-92,757,12547.09,703,17,37,0.9763888888888889,0.9286657859973579,32.5,-91.5
37,-106,757,138163.77300000002,498,133,126,0.7892234548335975,0.6578599735799208,37.5,-105.5
44,-107,749,217925.9,365,197,187,0.6494661921708185,0.48731642189586116,44.5,-106.5
38,-103,748,59404.214,291,40,417,0.879154078549849,0.3890374331550802,38.5,-102.5
44,-110,748,174526.45,514,214,20,0.7060439560439561,0.6871657754010695,44.5,-109.5
42,-98,748,15333.8823,711,12,25,0.983402489626556,0.9505347593582888,42.5,-97.5
48,-113,745,51927.909999999996,693,50,2,0.9327052489905787,0.9302013422818792,48.5,-112.5
40,-80,737,2045.685,735,2,0,0.9972862957937585,0.9972862957937585,40.5,-79.5
43,-92,731,5219.456,663,6,62,0.9910313901345291,0.9069767441860465,43.5,-91.5
41,-78,729,11365.38699,700,27,2,0.9628610729023384,0.9602194787379973,41.5,-77.5
41,-115,721,930719.89,151,567,3,0.21030640668523676,0.20943134535367544,41.5,-114.5
35,-103,719,198326.38,510,134,75,0.7919254658385093,0.7093184979137691,35.5,-102.5
40,-100,716,7165.271,693,22,1,0.9692307692307692,0.9678770949720671,40.5,-99.5
45,-106,711,243166.88,48,645,18,0.06926406926406926,0.06751054852320675,45.5,-105.5
27,-99,711,116644.7,699,4,8,0.9943100995732574,0.9831223628691983,27.5,-98.5
36,-105,710,184895.98,161,410,139,0.2819614711033275,0.2267605633802817,36.5,-104.5
43,-112,707,98098.14,322,383,2,0.45673758865248226,0.45544554455445546,43.5,-111.5
43,-100,704,18169.7171,591,83,30,0.8768545994065282,0.8394886363636364,43.5,-99.5
38,-97,701,135160.131,667,9,25,0.9866863905325444,0.9514978601997147,38.5,-96.5
38,-104,695,86240.126,463,24,208,0.9507186858316222,0.6661870503597123,38.5,-103.5
45,-112,695,74228.665,437,247,11,0.6388888888888888,0.6287769784172662,45.5,-111.5
34,-108,691,9659.88,252,426,13,0.37168141592920356,0.36468885672937773,34.5,-107.5
34,-121,685,297522.05,286,10,389,0.9662162162162162,0.41751824817518246,34.5,-120.5
40,-104,683,11497.922,441,47,195,0.9036885245901639,0.6456808199121523,40.5,-103.5
32,-113,683,97502.04,583,36,64,0.9418416801292407,0.8535871156661786,32.5,-112.5
46,-120,682,814637.41,448,112,122,0.8,0.656891495601173,46.5,-119.5
41,-93,681,12421.662,483,0,198,1.0,0.7092511013215859,41.5,-92.5
44,-112,679,199811.06,344,330,5,0.5103857566765578,0.5066273932253313,44.5,-111.5
43,-105,674,180781.51,201,347,126,0.36678832116788324,0.29821958456973297,43.5,-104.5
60,-152,663,74281.7,600,13,50,0.9787928221859706,0.9049773755656109,60.5,-151.5
41,-105,651,37336.78,539,72,40,0.8821603927986906,0.8279569892473119,41.5,-104.5
40,-98,651,12555.7512,633,9,9,0.985981308411215,0.9723502304147466,40.5,-97.5
36,-76,645,5445.81,565,7,73,0.9877622377622378,0.875968992248062,36.5,-75.5
45,-68,644,1059.92,407,44,193,0.9024390243902439,0.6319875776397516,45.5,-67.5
42,-125,638,16925.36,524,110,4,0.8264984227129337,0.8213166144200627,42.5,-124.5
33,-103,633,135536.7,527,84,22,0.8625204582651391,0.8325434439178515,33.5,-102.5
40,-99,626,7154.431,606,12,8,0.9805825242718447,0.9680511182108626,40.5,-98.5
40,-107,625,350263.723,298,290,37,0.5068027210884354,0.4768,40.5,-106.5
43,-106,620,138243.14,290,240,90,0.5471698113207547,0.46774193548387094,43.5,-105.5
41,-80,617,3812.195,606,9,2,0.9853658536585366,0.9821717990275527,41.5,-79.5
41,-92,616,10589.997,405,1,210,0.9975369458128078,0.6574675324675324,41.5,-91.5
39,-77,613,2091.61238,547,15,51,0.9733096085409253,0.8923327895595432,39.5,-76.5
47,-109,609,133290.5,190,407,12,0.31825795644891125,0.31198686371100165,47.5,-108.5
41,-98,608,6622.922,589,16,3,0.9735537190082645,0.96875,41.5,-97.5
44,-111,607,245209.6,124,482,1,0.20462046204620463,0.2042833607907743,44.5,-110.5
40,-81,606,1519.184,604,1,1,0.9983471074380166,0.9966996699669967,40.5,-80.5
36,-90,606,4419.841,559,6,41,0.9893805309734514,0.9224422442244224,36.5,-89.5
47,-113,602,244740.68,184,375,43,0.3291592128801431,0.30564784053156147,47.5,-112.5
44,-109,601,12356.67,501,79,21,0.8637931034482759,0.8336106489184693,44.5,-108.5
42,-112,597,68502.09,317,278,2,0.5327731092436975,0.5309882747068677,42.5,-111.5
37,-90,596,4512.413,557,11,28,0.9806338028169014,0.9345637583892618,37.5,-89.5
29,-85,596,21624.7,472,122,2,0.7946127946127947,0.7919463087248322,29.5,-84.5
45,-111,593,155734.47,274,306,13,0.4724137931034483,0.4620573355817875,45.5,-110.5
48,-99,589,23025.05,568,0,21,1.0,0.9643463497453311,48.5,-98.5
43,-84,584,2067.3,498,76,10,0.867595818815331,0.8527397260273972,43.5,-83.5
33,-101,577,339243.37,398,173,6,0.6970227670753065,0.6897746967071057,33.5,-100.5
42,-111,576,112763.25,227,332,17,0.40608228980322003,0.3940972222222222,42.5,-110.5
41,-96,572,10838.566,481,7,84,0.985655737704918,0.8409090909090909,41.5,-95.5
34,-114,568,99001.66,344,174,50,0.6640926640926641,0.6056338028169014,34.5,-113.5
45,-105,566,145217.65,71,476,19,0.12979890310786105,0.1254416961130742,45.5,-104.5
44,-72,565,1181.679,538,22,5,0.9607142857142857,0.952212389380531,44.5,-71.5
44,-101,564,75379.078,404,148,12,0.7318840579710145,0.7163120567375887,44.5,-100.5
43,-107,560,81771.56,153,292,115,0.3438202247191011,0.2732142857142857,43.5,-106.5
40,-82,549,1769.503,543,0,6,1.0,0.9890710382513661,40.5,-81.5
38,-99,548,80220.76,472,48,28,0.9076923076923077,0.8613138686131386,38.5,-98.5
32,-80,546,8587.92,387,16,143,0.9602977667493796,0.7087912087912088,32.5,-79.5
31,-103,544,117265.43,500,43,1,0.9208103130755064,0.9191176470588235,31.5,-102.5
29,-86,542,38486.8,322,220,0,0.5940959409594095,0.5940959409594095,29.5,-85.5
46,-90,526,732.682,485,39,2,0.9255725190839694,0.9220532319391636,46.5,-89.5
42,-103,522,38717.78,336,183,3,0.6473988439306358,0.6436781609195402,42.5,-102.5
46,-88,522,8330.325,392,96,34,0.8032786885245902,0.7509578544061303,46.5,-87.5
37,-101,521,109424.33,478,24,19,0.952191235059761,0.9174664107485605,37.5,-100.5
25,-82,519,161599.9,177,334,8,0.34637964774951074,0.34104046242774566,25.5,-81.5
48,-124,518,1816.34,463,51,4,0.9007782101167315,0.8938223938223938,48.5,-123.5
45,-99,515,30911.949,464,23,28,0.9527720739219713,0.9009708737864077,45.5,-98.5
36,-87,515,4032.45,484,5,26,0.9897750511247444,0.9398058252427185,36.5,-86.5
43,-80,512,241.98295,457,55,0,0.892578125,0.892578125,43.5,-79.5
41,-107,512,236997.99,280,204,28,0.5785123966942148,0.546875,41.5,-106.5
64,-146,511,263811.99999,462,36,13,0.927710843373494,0.9041095890410958,64.5,-145.5
33,-116,511,11425.07,424,20,67,0.954954954954955,0.8297455968688845,33.5,-115.5
48,-94,502,1538.89,470,32,0,0.9362549800796812,0.9362549800796812,48.5,-93.5
45,-110,493,357127.07999,257,173,63,0.5976744186046512,0.5212981744421906,45.5,-109.5
43,-113,487,763254.45,319,166,2,0.6577319587628866,0.6550308008213552,43.5,-112.5
29,-94,484,310481.8,130,293,61,0.3073286052009456,0.26859504132231404,29.5,-93.5
42,-104,483,204568.516,212,269,2,0.4407484407484408,0.4389233954451346,42.5,-103.5
32,-108,478,291992.65499999997,188,228,62,0.4519230769230769,0.39330543933054396,32.5,-107.5
41,-117,477,1539503.45,240,232,5,0.5084745762711864,0.5031446540880503,41.5,-116.5
45,-98,477,13603.4,444,12,21,0.9736842105263158,0.9308176100628931,45.5,-97.5
22,-160,470,3966.85,9,0,461,1.0,0.019148936170212766,22.5,-159.5
41,-106,467,44643.310000000005,292,150,25,0.6606334841628959,0.6252676659528907,41.5,-105.5
37,-103,464,131075.06900000002,196,121,147,0.6182965299684543,0.4224137931034483,37.5,-102.5
40,-96,464,9085.928,401,3,60,0.9925742574257426,0.8642241379310345,40.5,-95.5
21,-160,458,7584.81,6,0,452,1.0,0.013100436681222707,21.5,-159.5
43,-118,457,642334.91,152,300,5,0.336283185840708,0.33260393873085337,43.5,-117.5
47,-125,454,417.69,439,9,6,0.9799107142857143,0.9669603524229075,47.5,-124.5
34,-98,452,283670.4,399,34,19,0.9214780600461894,0.8827433628318584,34.5,-97.5
45,-103,447,60663.67851,247,189,11,0.5665137614678899,0.5525727069351231,45.5,-102.5
59,-152,445,8237.300000000001,423,7,15,0.9837209302325581,0.950561797752809,59.5,-151.5
36,-103,445,80056.52,371,72,2,0.837471783295711,0.8337078651685393,36.5,-102.5
46,-111,445,59483.76,104,336,5,0.23636363636363636,0.23370786516853934,46.5,-110.5
31,-104,444,39773.13,389,48,7,0.8901601830663616,0.8761261261261262,31.5,-103.5
46,-89,440,3206.81,372,53,15,0.8752941176470588,0.8454545454545455,46.5,-88.5
44,-97,439,10068.355,409,3,27,0.9927184466019418,0.9316628701594533,44.5,-96.5
34,-92,436,9202.47,365,6,65,0.9838274932614556,0.8371559633027523,34.5,-91.5
45,-100,433,31052.79,335,79,19,0.8091787439613527,0.7736720554272517,45.5,-99.5
47,-112,425,29260.100000000002,202,163,60,0.5534246575342465,0.4752941176470588,47.5,-111.5
34,-105,424,189788.34,188,151,85,0.5545722713864307,0.44339622641509435,34.5,-104.5
43,-73,420,1504.949,398,20,2,0.9521531100478469,0.9476190476190476,43.5,-72.5
48,-105,419,37114.49,365,40,14,0.9012345679012346,0.8711217183770883,48.5,-104.5
43,-108,419,183833.72,120,259,40,0.316622691292876,0.2863961813842482,43.5,-107.5
26,-100,419,5295.5,388,1,30,0.9974293059125964,0.9260143198090692,26.5,-99.5
38,-87,418,2087.79,399,9,10,0.9779411764705882,0.9545454545454546,38.5,-86.5
47,-104,415,27114.05,293,120,2,0.7094430992736077,0.7060240963855422,47.5,-103.5
34,-100,415,86919.59,368,41,6,0.8997555012224939,0.8867469879518072,34.5,-99.5
42,-119,414,323064.5,76,338,0,0.18357487922705315,0.18357487922705315,42.5,-118.5
42,-93,414,4756.71,287,2,125,0.9930795847750865,0.6932367149758454,42.5,-92.5
45,-104,413,60036.22,148,257,8,0.3654320987654321,0.3583535108958838,45.5,-103.5
42,-87,413,926.8,362,50,1,0.8786407766990292,0.8765133171912833,42.5,-86.5
42,-101,410,127354.03,163,237,10,0.4075,0.3975609756097561,42.5,-100.5
39,-87,409,2744.03,363,8,38,0.9784366576819407,0.8875305623471883,39.5,-86.5
60,-151,409,444859.8,350,44,15,0.8883248730964467,0.8557457212713936,60.5,-150.5
64,-147,408,278712.4,327,73,8,0.8175,0.8014705882352942,64.5,-146.5
41,-116,407,746724.88,119,288,0,0.29238329238329236,0.29238329238329236,41.5,-115.5
42,-89,405,1785.4,341,7,57,0.9798850574712644,0.8419753086419753,42.5,-88.5
36,-112,405,32570.76,157,248,0,0.38765432098765434,0.38765432098765434,36.5,-111.5
40,-115,405,116907.8,99,297,9,0.25,0.24444444444444444,40.5,-114.5
42,-92,403,2818.5185,207,2,194,0.9904306220095693,0.5136476426799007,42.5,-91.5
47,-108,403,545084.6,57,343,3,0.1425,0.141439205955335,47.5,-107.5
41,-114,401,187507.451,69,285,47,0.19491525423728814,0.17206982543640897,41.5,-113.5
44,-103,401,92339.425,184,198,19,0.4816753926701571,0.45885286783042395,44.5,-102.5
44,-99,401,21022.312,348,33,20,0.9133858267716536,0.8678304239401496,44.5,-98.5
41,-102,398,124290.227,314,82,2,0.7929292929292929,0.7889447236180904,41.5,-101.5
35,-122,397,56146.38,345,15,37,0.9583333333333334,0.8690176322418136,35.5,-121.5
35,-118,396,34964.41,317,42,37,0.883008356545961,0.8005050505050505,35.5,-117.5
37,-104,395,204690.312,193,95,107,0.6701388888888888,0.48860759493670886,37.5,-103.5
43,-110,394,150530.83,186,205,3,0.47570332480818417,0.4720812182741117,43.5,-109.5
47,-102,394,14143.2,331,60,3,0.8465473145780051,0.8401015228426396,47.5,-101.5
41,-108,394,12711.73,275,115,4,0.7051282051282052,0.6979695431472082,41.5,-107.5
40,-119,389,535057.13,242,147,0,0.622107969151671,0.622107969151671,40.5,-118.5
41,-101,383,113900.188,293,85,5,0.7751322751322751,0.7650130548302873,41.5,-100.5
44,-87,383,1395.75,358,21,4,0.9445910290237467,0.9347258485639687,44.5,-86.5
42,-117,379,182700.6,129,247,3,0.34308510638297873,0.3403693931398417,42.5,-116.5
48,-93,375,2578.17,226,149,0,0.6026666666666667,0.6026666666666667,48.5,-92.5
42,-105,373,114676.745,207,80,86,0.7212543554006968,0.5549597855227882,42.5,-104.5
17,-66,371,1816.95,0,0,371,,0.0,17.5,-65.5
39,-117,370,188684.91,58,310,2,0.15760869565217392,0.15675675675675677,39.5,-116.5
39,-84,369,1219.3799999999999,362,4,3,0.9890710382513661,0.981029810298103,39.5,-83.5
40,-103,365,69789.71399999999,233,39,93,0.8566176470588235,0.6383561643835617,40.5,-102.5
41,-111,364,15871.17,236,107,21,0.6880466472303207,0.6483516483516484,41.5,-110.5
42,-90,363,4137.65,333,2,28,0.9940298507462687,0.9173553719008265,42.5,-89.5
41,-94,363,6063.353,233,1,129,0.9957264957264957,0.6418732782369146,41.5,-93.5
39,-94,362,8616.8,344,7,11,0.98005698005698,0.9502762430939227,39.5,-93.5
44,-114,362,40371.5,111,250,1,0.3074792243767313,0.30662983425414364,44.5,-113.5
17,-68,360,10718.9,90,1,269,0.989010989010989,0.25,17.5,-67.5
44,-98,358,6144.573,315,12,31,0.963302752293578,0.8798882681564246,44.5,-97.5
39,-92,358,5102.616,353,4,1,0.988795518207283,0.9860335195530726,39.5,-91.5
46,-106,358,89844.55,133,210,15,0.3877551020408163,0.3715083798882682,46.5,-105.5
31,-102,357,360887.95,281,52,24,0.8438438438438438,0.7871148459383753,31.5,-101.5
41,-95,352,4895.162,206,1,145,0.9951690821256038,0.5852272727272727,41.5,-94.5
35,-105,349,107080.99,94,178,77,0.34558823529411764,0.2693409742120344,35.5,-104.5
41,-103,346,73108.4901,246,97,3,0.717201166180758,0.7109826589595376,41.5,-102.5
30,-104,343,301371.07,163,173,7,0.4851190476190476,0.4752186588921283,30.5,-103.5
40,-83,342,913.78,341,1,0,0.9970760233918129,0.9970760233918129,40.5,-82.5
48,-103,341,17609.91,302,33,6,0.9014925373134328,0.8856304985337243,48.5,-102.5
36,-102,341,90759.18,273,58,10,0.824773413897281,0.8005865102639296,36.5,-101.5
34,-106,337,144158.13,131,128,78,0.5057915057915058,0.3887240356083086,34.5,-105.5
33,-114,337,31576.53,240,19,78,0.9266409266409267,0.712166172106825,33.5,-113.5
39,-93,337,3902.893,332,1,4,0.996996996996997,0.9851632047477745,39.5,-92.5
39,-118,337,392726.98,96,241,0,0.28486646884273,0.28486646884273,39.5,-117.5
42,-99,337,16773.32,307,25,5,0.9246987951807228,0.9109792284866469,42.5,-98.5
44,-88,335,1063.59,297,1,37,0.9966442953020134,0.8865671641791045,44.5,-87.5
44,-113,331,86469.85,177,146,8,0.5479876160990712,0.5347432024169184,44.5,-112.5
46,-109,330,333788.37,145,150,35,0.4915254237288136,0.4393939393939394,46.5,-108.5
30,-105,329,616247.4400000001,108,216,5,0.3333333333333333,0.3282674772036474,30.5,-104.5
42,-94,328,2314.05,201,5,122,0.9757281553398058,0.6128048780487805,42.5,-93.5
40,-120,327,318554.6,99,227,1,0.30368098159509205,0.30275229357798167,40.5,-119.5
42,-91,325,2388.946,240,2,83,0.9917355371900827,0.7384615384615385,42.5,-90.5
34,-116,322,13731.84,258,56,8,0.821656050955414,0.8012422360248447,34.5,-115.5
41,-99,321,15350.061,305,16,0,0.9501557632398754,0.9501557632398754,41.5,-98.5
46,-104,319,15737.210000000001,189,130,0,0.5924764890282131,0.5924764890282131,46.5,-103.5
35,-91,317,4595.1,277,2,38,0.992831541218638,0.8738170347003155,35.5,-90.5
30,-101,315,101948.82,212,91,12,0.6996699669966997,0.6730158730158731,30.5,-100.5
43,-114,312,779794.09,143,168,1,0.45980707395498394,0.4583333333333333,43.5,-113.5
37,-76,310,3560.15,285,19,6,0.9375,0.9193548387096774,37.5,-75.5
41,-100,304,17090.845,283,20,1,0.933993399339934,0.930921052631579,41.5,-99.5
37,-99,299,76881.03,275,18,6,0.9385665529010239,0.919732441471572,37.5,-98.5
44,-125,299,365.53,293,5,1,0.9832214765100671,0.979933110367893,44.5,-124.5
46,-119,299,281909.73,204,36,59,0.85,0.6822742474916388,46.5,-118.5
64,-149,295,384909.1,199,85,11,0.7007042253521126,0.6745762711864407,64.5,-148.5
24,-82,294,380.3,278,6,10,0.9788732394366197,0.9455782312925171,24.5,-81.5
36,-104,294,171943.85002,107,148,39,0.4196078431372549,0.36394557823129253,36.5,-103.5
42,-118,293,1023311.86,69,222,2,0.23711340206185566,0.2354948805460751,42.5,-117.5
60,-150,292,4322.9400000000005,283,8,1,0.9725085910652921,0.9691780821917808,60.5,-149.5
44,-77,289,288.62265,271,18,0,0.9377162629757786,0.9377162629757786,44.5,-76.5
36,-101,288,1147434.7,230,54,4,0.8098591549295775,0.7986111111111112,36.5,-100.5
45,-96,286,12442.69,254,1,31,0.996078431372549,0.8881118881118881,45.5,-95.5
44,-73,286,411.5447,273,5,8,0.9820143884892086,0.9545454545454546,44.5,-72.5
44,-94,285,7282.11,259,2,24,0.9923371647509579,0.9087719298245615,44.5,-93.5
33,-107,285,69896.34,161,71,53,0.6939655172413793,0.5649122807017544,33.5,-106.5
38,-116,282,49191.22,39,243,0,0.13829787234042554,0.13829787234042554,38.5,-115.5
46,-97,281,12844.55,248,4,29,0.9841269841269841,0.8825622775800712,46.5,-96.5
40,-93,281,8981.296,240,0,41,1.0,0.8540925266903915,40.5,-92.5
42,-83,281,388.9,259,22,0,0.9217081850533808,0.9217081850533808,42.5,-82.5
40,-102,280,17158.34,242,37,1,0.8673835125448028,0.8642857142857143,40.5,-101.5
45,-84,280,491.986,243,13,24,0.94921875,0.8678571428571429,45.5,-83.5
42,-110,280,28694.52,146,116,18,0.5572519083969466,0.5214285714285715,42.5,-109.5
40,-94,279,8394.937,230,0,49,1.0,0.8243727598566308,40.5,-93.5
41,-109,278,10482.61,114,158,6,0.41911764705882354,0.41007194244604317,41.5,-108.5
35,-100,277,361384.85,225,43,9,0.8395522388059702,0.8122743682310469,35.5,-99.5
46,-86,277,46915.770000000004,176,72,29,0.7096774193548387,0.6353790613718412,46.5,-85.5
41,-120,277,179539.2,28,249,0,0.10108303249097472,0.10108303249097472,41.5,-119.5
35,-104,275,176009.19,111,84,80,0.5692307692307692,0.4036363636363636,35.5,-103.5
46,-85,275,4336.49,248,20,7,0.9253731343283582,0.9018181818181819,46.5,-84.5
43,-70,274,174.36,203,6,65,0.9712918660287081,0.7408759124087592,43.5,-69.5
40,-95,269,8842.828,230,1,38,0.9956709956709957,0.8550185873605948,40.5,-94.5
46,-102,268,34655.0,226,41,1,0.846441947565543,0.8432835820895522,46.5,-101.5
38,-100,267,26608.4,246,20,1,0.924812030075188,0.9213483146067416,38.5,-99.5
45,-97,265,17319.15,219,10,36,0.9563318777292577,0.8264150943396227,45.5,-96.5
40,-92,264,3660.797,220,1,43,0.995475113122172,0.8333333333333334,40.5,-91.5
46,-98,262,10679.44,247,4,11,0.9840637450199203,0.9427480916030534,46.5,-97.5
61,-149,262,2316.0,242,2,18,0.9918032786885246,0.9236641221374046,61.5,-148.5
47,-91,254,13250.03,185,67,2,0.7341269841269841,0.7283464566929134,47.5,-90.5
29,-101,251,41717.77,236,12,3,0.9516129032258065,0.9402390438247012,29.5,-100.5
37,-102,249,50494.99,180,66,3,0.7317073170731707,0.7228915662650602,37.5,-101.5
42,-96,244,3943.3901,164,0,80,1.0,0.6721311475409836,42.5,-95.5
29,-104,243,21901.91,69,173,1,0.28512396694214875,0.2839506172839506,29.5,-103.5
41,-87,242,220.2,205,33,4,0.8613445378151261,0.8471074380165289,41.5,-86.5
39,-98,242,10064.64,234,6,2,0.975,0.9669421487603306,39.5,-97.5
47,-110,241,19863.16,71,162,8,0.30472103004291845,0.2946058091286307,47.5,-109.5
47,-69,241,469.36,175,8,58,0.9562841530054644,0.7261410788381742,47.5,-68.5
36,-98,241,22329.95,218,14,9,0.9396551724137931,0.9045643153526971,36.5,-97.5
48,-107,240,11656.45,216,20,4,0.9152542372881356,0.9,48.5,-106.5
40,-101,240,16268.3,221,18,1,0.9246861924686193,0.9208333333333333,40.5,-100.5
43,-93,240,2161.008,165,2,73,0.9880239520958084,0.6875,43.5,-92.5
42,-120,239,343976.18,68,169,2,0.2869198312236287,0.28451882845188287,42.5,-119.5
27,-100,239,25319.56,205,4,30,0.9808612440191388,0.8577405857740585,27.5,-99.5
38,-119,238,17805.04,31,207,0,0.13025210084033614,0.13025210084033614,38.5,-118.5
42,-108,237,21699.59,102,129,6,0.44155844155844154,0.43037974683544306,42.5,-107.5
30,-102,237,533637.07,133,96,8,0.5807860262008734,0.5611814345991561,30.5,-101.5
58,-135,237,147.1,225,1,11,0.995575221238938,0.9493670886075949,58.5,-134.5
25,-98,237,4233.0,189,2,46,0.9895287958115183,0.7974683544303798,25.5,-97.5
46,-99,226,5611.13,220,2,4,0.990990990990991,0.9734513274336283,46.5,-98.5
46,-87,224,964.74,149,69,6,0.6834862385321101,0.6651785714285714,46.5,-86.5
41,-84,224,448.15,199,18,7,0.9170506912442397,0.8883928571428571,41.5,-83.5
41,-119,221,849753.21,43,175,3,0.19724770642201836,0.19457013574660634,41.5,-118.5
20,-156,218,41830.86,10,0,208,1.0,0.045871559633027525,20.5,-155.5
30,-92,216,2698.0,196,11,9,0.9468599033816425,0.9074074074074074,30.5,-91.5
32,-114,213,15934.75,186,11,16,0.9441624365482234,0.8732394366197183,32.5,-113.5
46,-103,212,6759.33,193,18,1,0.9146919431279621,0.910377358490566,46.5,-102.5
40,-90,210,1422.845,183,2,25,0.9891891891891892,0.8714285714285714,40.5,-89.5
61,-151,206,19454.5,168,23,15,0.8795811518324608,0.8155339805825242,61.5,-150.5
46,-107,206,273276.2,73,120,13,0.37823834196891193,0.35436893203883496,46.5,-106.5
39,-100,205,29640.57,185,13,7,0.9343434343434344,0.9024390243902439,39.5,-99.5
31,-105,202,52368.8,124,73,5,0.6294416243654822,0.6138613861386139,31.5,-104.5
45,-71,201,309.58,116,28,57,0.8055555555555556,0.5771144278606966,45.5,-70.5
63,-143,201,409766.0,139,60,2,0.6984924623115578,0.6915422885572139,63.5,-142.5
41,-81,201,351.39,199,2,0,0.9900497512437811,0.9900497512437811,41.5,-80.5
47,-120,200,323126.65,136,54,10,0.7157894736842105,0.68,47.5,-119.5
37,-100,193,126190.32,163,22,8,0.8810810810810811,0.844559585492228,37.5,-99.5
44,-93,193,965.92,177,1,15,0.9943820224719101,0.917098445595855,44.5,-92.5
41,-85,191,501.36,165,22,4,0.8823529411764706,0.8638743455497382,41.5,-84.5
42,-100,190,21213.56,138,51,1,0.7301587301587301,0.7263157894736842,42.5,-99.5
36,-111,190,1578.9,113,77,0,0.5947368421052631,0.5947368421052631,36.5,-110.5
47,-111,188,35766.8099,125,53,10,0.702247191011236,0.6648936170212766,47.5,-110.5
41,-91,187,3512.425,134,2,51,0.9852941176470589,0.7165775401069518,41.5,-90.5
46,-108,186,98234.58,87,84,15,0.5087719298245614,0.46774193548387094,46.5,-107.5
41,-89,185,1973.37,149,4,32,0.9738562091503268,0.8054054054054054,41.5,-88.5
63,-144,184,528132.6,137,44,3,0.7569060773480663,0.7445652173913043,63.5,-143.5
28,-96,184,30013.3,123,21,40,0.8541666666666666,0.6684782608695652,28.5,-95.5
38,-86,183,4503.2,145,4,34,0.9731543624161074,0.7923497267759563,38.5,-85.5
39,-91,181,3070.607,163,3,15,0.9819277108433735,0.9005524861878453,39.5,-90.5
36,-123,180,69.08,106,0,74,1.0,0.5888888888888889,36.5,-122.5
46,-105,178,18781.5,102,66,10,0.6071428571428571,0.5730337078651685,46.5,-104.5
63,-146,175,123545.1,157,13,5,0.9235294117647059,0.8971428571428571,63.5,-145.5
42,-95,174,1681.905,71,0,103,1.0,0.40804597701149425,42.5,-94.5
39,-104,171,58941.227999999996,103,19,49,0.8442622950819673,0.6023391812865497,39.5,-103.5
61,-146,168,1619.5,149,14,5,0.9141104294478528,0.8869047619047619,61.5,-145.5
32,-116,166,3203.07,129,11,26,0.9214285714285714,0.7771084337349398,32.5,-115.5
32,-107,163,45921.6,111,37,15,0.75,0.6809815950920245,32.5,-106.5
47,-107,162,199260.8,58,101,3,0.36477987421383645,0.35802469135802467,47.5,-106.5
37,-116,161,74551.8,44,113,4,0.2802547770700637,0.2732919254658385,37.5,-115.5
31,-109,160,493273.97,45,57,58,0.4411764705882353,0.28125,31.5,-108.5
48,-91,159,121351.4,89,69,1,0.5632911392405063,0.559748427672956,48.5,-90.5
39,-103,157,4118.504,74,26,57,0.74,0.4713375796178344,39.5,-102.5
46,-70,157,452.55,45,64,48,0.41284403669724773,0.28662420382165604,46.5,-69.5
37,-111,153,39163.549999999996,63,86,4,0.4228187919463087,0.4117647058823529,37.5,-110.5
39,-90,152,1160.7,139,1,12,0.9928571428571429,0.9144736842105263,39.5,-89.5
65,-148,150,284188.2,59,87,4,0.4041095890410959,0.3933333333333333,65.5,-147.5
41,-86,150,418.0,126,15,9,0.8936170212765957,0.84,41.5,-85.5
48,-102,150,15800.61,135,7,8,0.9507042253521126,0.9,48.5,-101.5
43,-96,149,2803.89,83,0,66,1.0,0.5570469798657718,43.5,-95.5
45,-87,148,723.7,140,6,2,0.958904109589041,0.9459459459459459,45.5,-86.5
62,-146,148,6467.3,130,14,4,0.9027777777777778,0.8783783783783784,62.5,-145.5
45,-86,146,422.54,136,5,5,0.9645390070921985,0.9315068493150684,45.5,-85.5
48,-98,145,11201.7,140,2,3,0.9859154929577465,0.9655172413793104,48.5,-97.5
47,-105,143,58303.23,97,23,23,0.8083333333333333,0.6783216783216783,47.5,-104.5
42,-88,138,1438.1000000000001,108,1,29,0.9908256880733946,0.782608695652174,42.5,-87.5
64,-150,137,683386.6,76,56,5,0.5757575757575758,0.5547445255474452,64.5,-149.5
29,-81,137,955.0,84,53,0,0.6131386861313869,0.6131386861313869,29.5,-80.5
46,-110,136,25024.05,59,66,11,0.472,0.4338235294117647,46.5,-109.5
46,-125,136,341.8,130,2,4,0.9848484848484849,0.9558823529411765,46.5,-124.5
41,-90,136,1201.63,134,2,0,0.9852941176470589,0.9852941176470589,41.5,-89.5
39,-99,133,23523.24,124,9,0,0.9323308270676691,0.9323308270676691,39.5,-98.5
36,-99,132,153336.2,110,6,16,0.9482758620689655,0.8333333333333334,36.5,-98.5
47,-97,132,24002.7,105,2,25,0.9813084112149533,0.7954545454545454,47.5,-96.5
43,-88,130,77.16,101,1,28,0.9901960784313726,0.7769230769230769,43.5,-87.5
48,-104,130,6922.15,123,6,1,0.9534883720930233,0.9461538461538461,48.5,-103.5
36,-117,130,68325.31,89,32,9,0.7355371900826446,0.6846153846153846,36.5,-116.5
39,-88,126,557.0,88,2,36,0.9777777777777777,0.6984126984126984,39.5,-87.5
35,-98,126,65588.2,111,3,12,0.9736842105263158,0.8809523809523809,35.5,-97.5
42,-102,125,143093.65,61,63,1,0.49193548387096775,0.488,42.5,-101.5
46,-100,124,5144.3,114,8,2,0.9344262295081968,0.9193548387096774,46.5,-99.5
38,-111,124,6782.2,67,52,5,0.5630252100840336,0.5403225806451613,38.5,-110.5
38,-75,123,248.5,123,0,0,1.0,1.0,38.5,-74.5
40,-114,121,46519.200000000004,66,50,5,0.5689655172413793,0.5454545454545454,40.5,-113.5
48,-92,120,5141.900000000001,52,67,1,0.4369747899159664,0.43333333333333335,48.5,-91.5
41,-70,117,56.94,103,11,3,0.9035087719298246,0.8803418803418803,41.5,-69.5
38,-85,116,931.0,84,2,30,0.9767441860465116,0.7241379310344828,38.5,-84.5
38,-118,116,18754.4,28,88,0,0.2413793103448276,0.2413793103448276,38.5,-117.5
47,-98,116,2603.11,112,2,2,0.9824561403508771,0.9655172413793104,47.5,-97.5
19,-155,115,2604.11,1,0,114,1.0,0.008695652173913044,19.5,-154.5
38,-90,114,1142.71,96,0,18,1.0,0.8421052631578947,38.5,-89.5
43,-94,112,1139.51,55,2,55,0.9649122807017544,0.49107142857142855,43.5,-93.5
48,-125,110,803.8,103,0,7,1.0,0.9363636363636364,48.5,-124.5
43,-95,107,2483.295,42,5,60,0.8936170212765957,0.3925233644859813,43.5,-94.5
62,-151,104,3726.9,82,14,8,0.8541666666666666,0.7884615384615384,62.5,-150.5
59,-136,103,673.8,91,8,4,0.9191919191919192,0.883495145631068,59.5,-135.5
66,-146,103,399357.19999999995,56,47,0,0.5436893203883495,0.5436893203883495,66.5,-145.5
35,-117,102,3416.8599999999997,85,12,5,0.8762886597938144,0.8333333333333334,35.5,-116.5
39,-102,101,14363.34,88,13,0,0.8712871287128713,0.8712871287128713,39.5,-101.5
43,-83,94,434.4,80,12,2,0.8695652173913043,0.851063829787234,43.5,-82.5
48,-111,93,3872.55,77,15,1,0.8369565217391305,0.8279569892473119,48.5,-110.5
65,-149,93,671727.2,20,73,0,0.21505376344086022,0.21505376344086022,65.5,-148.5
38,-101,89,32184.93,77,12,0,0.8651685393258427,0.8651685393258427,38.5,-100.5
48,-112,89,894.35,74,8,7,0.9024390243902439,0.8314606741573034,48.5,-111.5
39,-119,86,115381.81,46,37,3,0.5542168674698795,0.5348837209302325,39.5,-118.5
39,-114,86,13588.86,22,59,5,0.2716049382716049,0.2558139534883721,39.5,-113.5
36,-118,84,20477.15,52,27,5,0.6582278481012658,0.6190476190476191,36.5,-117.5
28,-101,82,14239.0,81,1,0,0.9878048780487805,0.9878048780487805,28.5,-100.5
30,-103,81,217028.9,20,57,4,0.2597402597402597,0.24691358024691357,30.5,-102.5
61,-145,80,2631.3999999999996,73,7,0,0.9125,0.9125,61.5,-144.5
65,-142,79,680056.4,1,78,0,0.012658227848101266,0.012658227848101266,65.5,-141.5
47,-89,78,959.47,58,16,4,0.7837837837837838,0.7435897435897436,47.5,-88.5
62,-156,78,294811.60000000003,38,40,0,0.48717948717948717,0.48717948717948717,62.5,-155.5
47,-106,76,5376.3,49,15,12,0.765625,0.6447368421052632,47.5,-105.5
40,-89,76,705.45,67,3,6,0.9571428571428572,0.881578947368421,40.5,-88.5
63,-145,76,18105.9,50,25,1,0.6666666666666666,0.6578947368421053,63.5,-144.5
38,-89,75,134.6,73,0,2,1.0,0.9733333333333334,38.5,-88.5
62,-142,75,235647.0,28,47,0,0.37333333333333335,0.37333333333333335,62.5,-141.5
29,-103,74,3940.8999999999996,32,42,0,0.43243243243243246,0.43243243243243246,29.5,-102.5
63,-147,70,302841.6,61,7,2,0.8970588235294118,0.8714285714285714,63.5,-146.5
65,-147,70,947753.3999999999,13,55,2,0.19117647058823528,0.18571428571428572,65.5,-146.5
47,-90,68,37.92,59,9,0,0.8676470588235294,0.8676470588235294,47.5,-89.5
66,-158,68,93399.1,4,63,1,0.05970149253731343,0.058823529411764705,66.5,-157.5
65,-155,66,317559.1,0,66,0,0.0,0.0,65.5,-154.5
47,-70,66,1517.1100000000001,36,9,21,0.8,0.5454545454545454,47.5,-69.5
65,-150,65,270909.85000000003,10,55,0,0.15384615384615385,0.15384615384615385,65.5,-149.5
57,-153,64,5394.3,62,0,2,1.0,0.96875,57.5,-152.5
55,-133,64,314.6,61,3,0,0.953125,0.953125,55.5,-132.5
65,-145,63,468193.6,18,45,0,0.2857142857142857,0.2857142857142857,65.5,-144.5
47,-101,63,5344.25,55,6,2,0.9016393442622951,0.873015873015873,47.5,-100.5
38,-117,63,6691.11,11,51,1,0.1774193548387097,0.1746031746031746,38.5,-116.5
66,-144,62,665582.5,12,50,0,0.1935483870967742,0.1935483870967742,66.5,-143.5
64,-158,62,372143.2,6,56,0,0.0967741935483871,0.0967741935483871,64.5,-157.5
62,-157,62,309819.7,1,57,4,0.017241379310344827,0.016129032258064516,62.5,-156.5
63,-155,61,240113.4,5,54,2,0.0847457627118644,0.08196721311475409,63.5,-154.5
31,-113,61,231.35,61,0,0,1.0,1.0,31.5,-112.5
58,-136,61,46.05,57,2,2,0.9661016949152542,0.9344262295081968,58.5,-135.5
56,-133,61,26.81,48,13,0,0.7868852459016393,0.7868852459016393,56.5,-132.5
66,-159,60,61260.5,0,60,0,0.0,0.0,66.5,-158.5
64,-157,59,298464.4,11,48,0,0.1864406779661017,0.1864406779661017,64.5,-156.5
64,-151,59,634124.6,7,52,0,0.11864406779661017,0.11864406779661017,64.5,-150.5
65,-157,57,378702.4,12,45,0,0.21052631578947367,0.21052631578947367,65.5,-156.5
63,-156,57,374028.10021,4,50,3,0.07407407407407407,0.07017543859649122,63.5,-155.5
61,-159,56,109906.40000000001,5,45,6,0.1,0.08928571428571429,61.5,-158.5
65,-144,55,614301.5,0,55,0,0.0,0.0,65.5,-143.5
66,-145,55,271480.3,20,35,0,0.36363636363636365,0.36363636363636365,66.5,-144.5
63,-149,55,9042.0,41,12,2,0.7735849056603774,0.7454545454545455,63.5,-148.5
61,-160,54,239060.5,3,47,4,0.06,0.05555555555555555,61.5,-159.5
65,-152,53,443345.2,7,45,1,0.1346153846153846,0.1320754716981132,65.5,-151.5
65,-151,53,361107.6,2,51,0,0.03773584905660377,0.03773584905660377,65.5,-150.5
48,-108,52,31003.7,30,16,6,0.6521739130434783,0.5769230769230769,48.5,-107.5
62,-147,52,1899.1000000000001,34,16,2,0.68,0.6538461538461539,62.5,-146.5
64,-145,52,89113.90000000001,13,38,1,0.2549019607843137,0.25,64.5,-144.5
39,-89,51,345.65999999999997,49,0,2,1.0,0.9607843137254902,39.5,-88.5
64,-156,51,493347.4,6,45,0,0.11764705882352941,0.11764705882352941,64.5,-155.5
40,-91,50,622.15,46,1,3,0.9787234042553191,0.92,40.5,-90.5
19,-157,50,151.19,4,0,46,1.0,0.08,19.5,-156.5
66,-147,49,269379.60000000003,6,42,1,0.125,0.12244897959183673,66.5,-146.5
66,-156,49,160873.2,2,47,0,0.04081632653061224,0.04081632653061224,66.5,-155.5
38,-88,49,2249.85,39,1,9,0.975,0.7959183673469388,38.5,-87.5
64,-152,49,920221.1,0,49,0,0.0,0.0,64.5,-151.5
63,-157,48,170786.79999,3,45,0,0.0625,0.0625,63.5,-156.5
63,-154,48,577289.1,0,47,1,0.0,0.0,63.5,-153.5
65,-154,48,468071.1,0,48,0,0.0,0.0,65.5,-153.5
62,-159,48,746728.4,1,46,1,0.02127659574468085,0.020833333333333332,62.5,-158.5
66,-157,47,30716.0,2,45,0,0.0425531914893617,0.0425531914893617,66.5,-156.5
29,-102,46,1311.05,39,7,0,0.8478260869565217,0.8478260869565217,29.5,-101.5
62,-158,46,300034.602,0,46,0,0.0,0.0,62.5,-157.5
65,-153,46,660654.8,2,44,0,0.043478260869565216,0.043478260869565216,65.5,-152.5
39,-101,45,3945.48,42,3,0,0.9333333333333333,0.9333333333333333,39.5,-100.5
57,-136,45,8.65,43,1,1,0.9772727272727273,0.9555555555555556,57.5,-135.5
64,-142,45,483252.5,7,38,0,0.15555555555555556,0.15555555555555556,64.5,-141.5
44,-95,44,1196.73,42,0,2,1.0,0.9545454545454546,44.5,-94.5
64,-154,44,1089244.8,0,44,0,0.0,0.0,64.5,-153.5
66,-152,44,311628.60000000003,4,40,0,0.09090909090909091,0.09090909090909091,66.5,-151.5
61,-156,44,364740.60000000003,3,41,0,0.06818181818181818,0.06818181818181818,61.5,-155.5
62,-164,44,6098.7,14,29,1,0.32558139534883723,0.3181818181818182,62.5,-163.5
62,-150,44,505.20000000000005,31,10,3,0.7560975609756098,0.7045454545454546,62.5,-149.5
63,-158,43,883002.6,0,40,3,0.0,0.0,63.5,-157.5
66,-161,43,8100.2,4,39,0,0.09302325581395349,0.09302325581395349,66.5,-160.5
63,-142,42,336241.60000000003,7,33,2,0.175,0.16666666666666666,63.5,-141.5
55,-132,42,22.2,34,6,2,0.85,0.8095238095238095,55.5,-131.5
61,-157,42,120729.0,3,28,11,0.0967741935483871,0.07142857142857142,61.5,-156.5
21,-157,41,700.59,3,0,38,1.0,0.07317073170731707,21.5,-156.5
65,-156,40,183526.0,0,40,0,0.0,0.0,65.5,-155.5
64,-159,40,252755.49,3,37,0,0.075,0.075,64.5,-158.5
61,-152,40,2254.5,19,21,0,0.475,0.475,61.5,-151.5
63,-153,40,813695.3,0,38,2,0.0,0.0,63.5,-152.5
66,-155,40,159510.3,1,38,1,0.02564102564102564,0.025,66.5,-154.5
67,-161,40,42800.0,0,39,1,0.0,0.0,67.5,-160.5
67,-147,40,468318.6,17,23,0,0.425,0.425,67.5,-146.5
66,-151,40,299768.2,2,38,0,0.05,0.05,66.5,-150.5
61,-158,40,657404.3,3,34,3,0.08108108108108109,0.075,61.5,-157.5
66,-148,39,286330.8,6,33,0,0.15384615384615385,0.15384615384615385,66.5,-147.5
63,-151,39,145321.75,2,37,0,0.05128205128205128,0.05128205128205128,63.5,-150.5
65,-165,38,126738.6,3,35,0,0.07894736842105263,0.07894736842105263,65.5,-164.5
62,-155,38,209692.1,2,36,0,0.05263157894736842,0.05263157894736842,62.5,-154.5
64,-153,38,750881.5,1,37,0,0.02631578947368421,0.02631578947368421,64.5,-152.5
65,-162,38,33617.399999999994,2,36,0,0.05263157894736842,0.05263157894736842,65.5,-161.5
40,-88,37,237.79999999999998,35,0,2,1.0,0.9459459459459459,40.5,-87.5
65,-146,37,673998.2,3,34,0,0.08108108108108109,0.08108108108108109,65.5,-145.5
67,-152,37,44172.5,2,35,0,0.05405405405405406,0.05405405405405406,67.5,-151.5
29,-105,36,74178.47,26,8,2,0.7647058823529411,0.7222222222222222,29.5,-104.5
37,-118,36,2350.25,10,26,0,0.2777777777777778,0.2777777777777778,37.5,-117.5
66,-153,36,279237.89999999997,3,33,0,0.08333333333333333,0.08333333333333333,66.5,-152.5
65,-143,34,93743.3,0,34,0,0.0,0.0,65.5,-142.5
36,-100,34,703968.2,20,2,12,0.9090909090909091,0.5882352941176471,36.5,-99.5
61,-161,33,194599.4,11,22,0,0.3333333333333333,0.3333333333333333,61.5,-160.5
63,-152,32,120836.0,0,32,0,0.0,0.0,63.5,-151.5
67,-163,32,169538.1,6,26,0,0.1875,0.1875,67.5,-162.5
40,-87,32,40.0,18,2,12,0.9,0.5625,40.5,-86.5
55,-134,32,53.78,32,0,0,1.0,1.0,55.5,-133.5
64,-155,32,280722.2,2,30,0,0.0625,0.0625,64.5,-154.5
62,-160,32,197181.9,11,20,1,0.3548387096774194,0.34375,62.5,-159.5
65,-158,31,174745.8,1,30,0,0.03225806451612903,0.03225806451612903,65.5,-157.5
66,-154,30,271679.8,0,30,0,0.0,0.0,66.5,-153.5
41,-82,30,440.95,24,4,2,0.8571428571428571,0.8,41.5,-81.5
31,-107,30,235.68,29,0,1,1.0,0.9666666666666667,31.5,-106.5
63,-150,29,605.9,14,13,2,0.5185185185185185,0.4827586206896552,63.5,-149.5
31,-108,29,2568.43,25,2,2,0.9259259259259259,0.8620689655172413,31.5,-107.5
67,-146,29,81810.2,0,29,0,0.0,0.0,67.5,-145.5
37,-117,29,35993.4,10,19,0,0.3448275862068966,0.3448275862068966,37.5,-116.5
60,-162,29,34864.4,10,19,0,0.3448275862068966,0.3448275862068966,60.5,-161.5
66,-149,28,541158.7000000001,1,26,1,0.037037037037037035,0.03571428571428571,66.5,-148.5
67,-145,28,257109.5,0,28,0,0.0,0.0,67.5,-144.5
56,-134,28,16.15,27,1,0,0.9642857142857143,0.9642857142857143,56.5,-133.5
65,-161,28,152864.0,0,28,0,0.0,0.0,65.5,-160.5
62,-145,28,5983.400000000001,12,16,0,0.42857142857142855,0.42857142857142855,62.5,-144.5
40,-84,27,367.25,20,1,6,0.9523809523809523,0.7407407407407407,40.5,-83.5
40,-86,27,61.7,23,0,4,1.0,0.8518518518518519,40.5,-85.5
47,-68,27,58.27,23,0,4,1.0,0.8518518518518519,47.5,-67.5
66,-150,27,612855.9,2,25,0,0.07407407407407407,0.07407407407407407,66.5,-149.5
62,-162,27,132735.9,1,26,0,0.037037037037037035,0.037037037037037035,62.5,-161.5
62,-144,27,30.400000000000002,25,2,0,0.9259259259259259,0.9259259259259259,62.5,-143.5
63,-163,27,39353.6,14,13,0,0.5185185185185185,0.5185185185185185,63.5,-162.5
63,-160,26,152285.5,1,25,0,0.038461538461538464,0.038461538461538464,63.5,-159.5
59,-158,26,28019.0,7,19,0,0.2692307692307692,0.2692307692307692,59.5,-157.5
44,-67,26,65.15,14,0,12,1.0,0.5384615384615384,44.5,-66.5
66,-143,26,1027274.0,0,26,0,0.0,0.0,66.5,-142.5
39,-86,26,512.6,21,0,5,1.0,0.8076923076923077,39.5,-85.5
61,-163,25,73541.1,11,14,0,0.44,0.44,61.5,-162.5
48,-89,25,23.599999999999998,9,16,0,0.36,0.36,48.5,-88.5
65,-160,25,68694.2,0,25,0,0.0,0.0,65.5,-159.5
29,-93,24,5519.7,9,11,4,0.45,0.375,29.5,-92.5
61,-147,24,16080.5,17,1,6,0.9444444444444444,0.7083333333333334,61.5,-146.5
61,-144,24,77416.7,18,6,0,0.75,0.75,61.5,-143.5
67,-153,24,19851.0,0,24,0,0.0,0.0,67.5,-152.5
38,-102,24,5698.0,21,2,1,0.9130434782608695,0.875,38.5,-101.5
64,-161,24,36935.1,1,23,0,0.041666666666666664,0.041666666666666664,64.5,-160.5
61,-148,24,17.4,19,2,3,0.9047619047619048,0.7916666666666666,61.5,-147.5
29,-91,23,631.44,21,1,1,0.9545454545454546,0.9130434782608695,29.5,-90.5
61,-155,22,104786.8,0,22,0,0.0,0.0,61.5,-154.5
61,-162,22,10647.7,6,16,0,0.2727272727272727,0.2727272727272727,61.5,-161.5
64,-160,22,67614.7,0,22,0,0.0,0.0,64.5,-159.5
67,-158,21,3293.6,0,21,0,0.0,0.0,67.5,-157.5
59,-155,21,5540.099999999999,15,6,0,0.7142857142857143,0.7142857142857143,59.5,-154.5
31,-81,21,1253.75,3,17,1,0.15,0.14285714285714285,31.5,-80.5
66,-142,20,181182.9,0,20,0,0.0,0.0,66.5,-141.5
63,-159,20,416816.39999999997,0,20,0,0.0,0.0,63.5,-158.5
67,-151,20,180734.3,2,18,0,0.1,0.1,67.5,-150.5
59,-159,19,5432.3,9,10,0,0.47368421052631576,0.47368421052631576,59.5,-158.5
67,-150,19,9778.5,0,19,0,0.0,0.0,67.5,-149.5
67,-159,19,13824.400000000001,0,19,0,0.0,0.0,67.5,-158.5
57,-135,19,34.7,18,1,0,0.9473684210526315,0.9473684210526315,57.5,-134.5
60,-156,18,18651.5,0,16,2,0.0,0.0,60.5,-155.5
63,-161,18,1513.6,3,15,0,0.16666666666666666,0.16666666666666666,63.5,-160.5
61,-164,18,71059.1,0,18,0,0.0,0.0,61.5,-163.5
62,-143,18,54880.399999999994,6,12,0,0.3333333333333333,0.3333333333333333,62.5,-142.5
44,-96,18,713.35,18,0,0,1.0,1.0,44.5,-95.5
65,-163,18,14866.1,0,18,0,0.0,0.0,65.5,-162.5
63,-162,17,56497.0,0,17,0,0.0,0.0,63.5,-161.5
65,-159,17,56133.5,0,17,0,0.0,0.0,65.5,-158.5
67,-160,17,21916.6,0,17,0,0.0,0.0,67.5,-159.5
67,-148,17,39257.1,0,17,0,0.0,0.0,67.5,-147.5
68,-158,16,11607.9,0,16,0,0.0,0.0,68.5,-157.5
59,-137,16,115.1,13,2,1,0.8666666666666667,0.8125,59.5,-136.5
60,-161,16,51676.8,0,16,0,0.0,0.0,60.5,-160.5
67,-162,16,15682.1,0,15,1,0.0,0.0,67.5,-161.5
65,-164,16,9098.699999999999,0,16,0,0.0,0.0,65.5,-163.5
66,-160,15,644.7,1,14,0,0.06666666666666667,0.06666666666666667,66.5,-159.5
67,-144,15,223347.6,0,15,0,0.0,0.0,67.5,-143.5
67,-143,15,265237.39999999997,0,15,0,0.0,0.0,67.5,-142.5
64,-144,15,29291.0,2,13,0,0.13333333333333333,0.13333333333333333,64.5,-143.5
62,-161,14,105587.1,4,10,0,0.2857142857142857,0.2857142857142857,62.5,-160.5
67,-164,13,2720.9,0,13,0,0.0,0.0,67.5,-163.5
64,-143,13,431188.3,0,13,0,0.0,0.0,64.5,-142.5
62,-154,13,150110.8,3,10,0,0.23076923076923078,0.23076923076923078,62.5,-153.5
64,-162,13,169.29999999999998,5,8,0,0.38461538461538464,0.38461538461538464,64.5,-161.5
60,-163,12,356.3,4,7,1,0.36363636363636365,0.3333333333333333,60.5,-162.5
67,-154,12,928.3,1,11,0,0.08333333333333333,0.08333333333333333,67.5,-153.5
68,-160,12,33540.7,0,12,0,0.0,0.0,68.5,-159.5
45,-74,11,5.905,11,0,0,1.0,1.0,45.5,-73.5
67,-155,11,8717.1,0,11,0,0.0,0.0,67.5,-154.5
61,-143,11,3.9000000000000004,10,1,0,0.9090909090909091,0.9090909090909091,61.5,-142.5
60,-158,11,11259.5,0,9,2,0.0,0.0,60.5,-157.5
60,-146,11,70.8,10,1,0,0.9090909090909091,0.9090909090909091,60.5,-145.5
68,-161,11,7867.2,0,11,0,0.0,0.0,68.5,-160.5
59,-161,11,19000.399999999998,6,5,0,0.5454545454545454,0.5454545454545454,59.5,-160.5
31,-106,10,19.5,9,1,0,0.9,0.9,31.5,-105.5
68,-142,10,60546.2,0,10,0,0.0,0.0,68.5,-141.5
58,-157,10,9621.6,7,3,0,0.7,0.7,58.5,-156.5
60,-159,10,8055.6,1,9,0,0.1,0.1,60.5,-158.5
69,-155,10,315.6,0,10,0,0.0,0.0,69.5,-154.5
65,-166,9,1674.5,1,8,0,0.1111111111111111,0.1111111111111111,65.5,-165.5
57,-155,9,19264.1,9,0,0,1.0,1.0,57.5,-154.5
46,-84,9,85.61,5,1,3,0.8333333333333334,0.5555555555555556,46.5,-83.5
60,-155,9,5301.299999999999,1,7,1,0.125,0.1111111111111111,60.5,-154.5
41,-83,9,19.0,7,0,2,1.0,0.7777777777777778,41.5,-82.5
62,-163,9,14612.5,1,8,0,0.1111111111111111,0.1111111111111111,62.5,-162.5
64,-164,9,6741.0,2,7,0,0.2222222222222222,0.2222222222222222,64.5,-163.5
33,-78,8,14.9,8,0,0,1.0,1.0,33.5,-77.5
67,-142,8,278344.0,0,8,0,0.0,0.0,67.5,-141.5
60,-149,8,2.7,8,0,0,1.0,1.0,60.5,-148.5
47,-88,7,230.58999999999997,5,2,0,0.7142857142857143,0.7142857142857143,47.5,-87.5
66,-162,7,2298.3,0,7,0,0.0,0.0,66.5,-161.5
60,-157,7,44142.1,0,7,0,0.0,0.0,60.5,-156.5
18,-156,7,3474.0,1,0,6,1.0,0.14285714285714285,18.5,-155.5
68,-159,7,36202.3,0,7,0,0.0,0.0,68.5,-158.5
62,-152,7,135.9,3,4,0,0.42857142857142855,0.42857142857142855,62.5,-151.5
61,-165,7,108598.1,0,7,0,0.0,0.0,61.5,-164.5
62,-148,7,220.6,2,5,0,0.2857142857142857,0.2857142857142857,62.5,-147.5
42,-81,7,22.75,7,0,0,1.0,1.0,42.5,-80.5
58,-158,7,8592.8,5,2,0,0.7142857142857143,0.7142857142857143,58.5,-157.5
45,-72,7,3.6,7,0,0,1.0,1.0,45.5,-71.5
59,-157,7,9456.2,2,5,0,0.2857142857142857,0.2857142857142857,59.5,-156.5
64,-163,7,259.59999999999997,2,5,0,0.2857142857142857,0.2857142857142857,64.5,-162.5
67,-156,6,46072.5,0,6,0,0.0,0.0,67.5,-155.5
67,-149,6,910.0,0,6,0,0.0,0.0,67.5,-148.5
68,-163,6,3549.1,0,6,0,0.0,0.0,68.5,-162.5
56,-136,6,0.7000000000000001,6,0,0,1.0,1.0,56.5,-135.5
57,-134,6,2.0,5,1,0,0.8333333333333334,0.8333333333333334,57.5,-133.5
57,-154,6,712.4,6,0,0,1.0,1.0,57.5,-153.5
68,-162,6,15299.800000000001,0,6,0,0.0,0.0,68.5,-161.5
58,-159,6,16626.7,6,0,0,1.0,1.0,58.5,-158.5
29,-90,6,232.1,6,0,0,1.0,1.0,29.5,-89.5
59,-160,6,2695.9,0,6,0,0.0,0.0,59.5,-159.5
60,-164,6,688.3,0,6,0,0.0,0.0,60.5,-163.5
59,-156,6,5965.1,4,2,0,0.6666666666666666,0.6666666666666666,59.5,-155.5
57,-158,5,4838.1,5,0,0,1.0,1.0,57.5,-157.5
64,-166,5,127.3,3,2,0,0.6,0.6,64.5,-165.5
59,-151,5,106.4,5,0,0,1.0,1.0,59.5,-150.5
62,-149,5,1113.8,1,4,0,0.2,0.2,62.5,-148.5
61,-166,5,294.1,4,1,0,0.8,0.8,61.5,-165.5
58,-160,5,2843.4,2,3,0,0.4,0.4,58.5,-159.5
58,-153,5,1212.8,5,0,0,1.0,1.0,58.5,-152.5
60,-160,5,3661.2999999999997,0,4,1,0.0,0.0,60.5,-159.5
66,-163,5,66.0,4,1,0,0.8,0.8,66.5,-162.5
69,-151,5,257242.1,0,5,0,0.0,0.0,69.5,-150.5
65,-167,5,107.6,1,4,0,0.2,0.2,65.5,-166.5
67,-157,5,4150.0,0,5,0,0.0,0.0,67.5,-156.5
60,-147,4,4.3,4,0,0,1.0,1.0,60.5,-146.5
62,-165,4,20651.0,1,3,0,0.25,0.25,62.5,-164.5
60,-154,4,3796.8,1,3,0,0.25,0.25,60.5,-153.5
33,-120,4,276.6,4,0,0,1.0,1.0,33.5,-119.5
58,-156,4,27.7,4,0,0,1.0,1.0,58.5,-155.5
44,-83,4,5.3,3,1,0,0.75,0.75,44.5,-82.5
55,-161,4,36.6,3,1,0,0.75,0.75,55.5,-160.5
56,-132,4,2.21,4,0,0,1.0,1.0,56.5,-131.5
28,-104,4,117.1,2,2,0,0.5,0.5,28.5,-103.5
68,-164,4,344.8,0,4,0,0.0,0.0,68.5,-163.5
63,-148,4,158.3,1,2,1,0.3333333333333333,0.25,63.5,-147.5
40,-85,4,2.3,3,0,1,1.0,0.75,40.5,-84.5
46,-71,4,3.0000000000000004,2,1,1,0.6666666666666666,0.5,46.5,-70.5
60,-165,3,237.1,2,1,0,0.6666666666666666,0.6666666666666666,60.5,-164.5
58,-154,3,781.0,2,1,0,0.6666666666666666,0.6666666666666666,58.5,-153.5
62,-153,3,86.8,0,2,1,0.0,0.0,62.5,-152.5
66,-165,3,601.0,0,3,0,0.0,0.0,66.5,-164.5
69,-160,3,86887.7,0,3,0,0.0,0.0,69.5,-159.5
39,-85,3,3.0,3,0,0,1.0,1.0,39.5,-84.5
68,-152,3,44.0,2,1,0,0.6666666666666666,0.6666666666666666,68.5,-151.5
56,-135,3,0.8,3,0,0,1.0,1.0,56.5,-134.5
48,-90,3,2.1,3,0,0,1.0,1.0,48.5,-89.5
68,-145,3,7270.0,0,3,0,0.0,0.0,68.5,-144.5
37,-124,3,5.8,3,0,0,1.0,1.0,37.5,-123.5
68,-146,3,316.1,3,0,0,1.0,1.0,68.5,-145.5
57,-156,3,880.0,3,0,0,1.0,1.0,57.5,-155.5
59,-140,3,2.3,3,0,0,1.0,1.0,59.5,-139.5
69,-156,3,6548.5,0,3,0,0.0,0.0,69.5,-155.5
66,-166,2,9.0,0,2,0,0.0,0.0,66.5,-165.5
64,-165,2,140.0,0,2,0,0.0,0.0,64.5,-164.5
69,-153,2,503.9,0,2,0,0.0,0.0,69.5,-152.5
69,-152,2,588.0,0,2,0,0.0,0.0,69.5,-151.5
69,-157,2,2700.0,0,2,0,0.0,0.0,69.5,-156.5
66,-164,2,1660.0,0,2,0,0.0,0.0,66.5,-163.5
68,-143,2,53111.7,0,2,0,0.0,0.0,68.5,-142.5
68,-155,2,750.2,0,1,1,0.0,0.0,68.5,-154.5
67,-165,2,15.0,1,1,0,0.5,0.5,67.5,-164.5
58,-162,2,153.0,1,1,0,0.5,0.5,58.5,-161.5
68,-156,2,18850.1,0,2,0,0.0,0.0,68.5,-155.5
68,-150,2,50.0,0,2,0,0.0,0.0,68.5,-149.5
63,-172,2,497.5,2,0,0,1.0,1.0,63.5,-171.5
59,-154,2,11.0,1,1,0,0.5,0.5,59.5,-153.5
68,-165,2,4454.7,0,2,0,0.0,0.0,68.5,-164.5
55,-131,2,1.1,1,1,0,0.5,0.5,55.5,-130.5
56,-159,2,290.0,2,0,0,1.0,1.0,56.5,-158.5
56,-158,2,2189.6,2,0,0,1.0,1.0,56.5,-157.5
54,-166,2,18.4,2,0,0,1.0,1.0,54.5,-165.5
69,-149,2,1915.3000000000002,0,2,0,0.0,0.0,69.5,-148.5
45,-125,2,0.02,2,0,0,1.0,1.0,45.5,-124.5
60,-148,2,0.5,2,0,0,1.0,1.0,60.5,-147.5
57,-159,2,2733.4,0,0,2,,0.0,57.5,-158.5
68,-167,2,14572.5,1,1,0,0.5,0.5,68.5,-166.5
59,-139,2,8.87,2,0,0,1.0,1.0,59.5,-138.5
68,-166,2,121.9,0,2,0,0.0,0.0,68.5,-165.5
60,-153,1,1.5,1,0,0,1.0,1.0,60.5,-152.5
45,-73,1,0.6,1,0,0,1.0,1.0,45.5,-72.5
58,-155,1,6.0,1,0,0,1.0,1.0,58.5,-154.5
61,-153,1,1.0,1,0,0,1.0,1.0,61.5,-152.5
69,-158,1,4.7,0,1,0,0.0,0.0,69.5,-157.5
69,-159,1,16740.0,0,1,0,0.0,0.0,69.5,-158.5
69,-163,1,17.4,0,1,0,0.0,0.0,69.5,-162.5
69,-162,1,1500.0,0,1,0,0.0,0.0,69.5,-161.5
69,-150,1,844.7,0,1,0,0.0,0.0,69.5,-149.5
33,-121,1,32.0,1,0,0,1.0,1.0,33.5,-120.5
61,-167,1,0.3,1,0,0,1.0,1.0,61.5,-166.5
69,-148,1,40.0,0,1,0,0.0,0.0,69.5,-147.5
58,-137,1,0.1,1,0,0,1.0,1.0,58.5,-136.5
56,-131,1,0.4,1,0,0,1.0,1.0,56.5,-130.5
56,-155,1,2.0,1,0,0,1.0,1.0,56.5,-154.5
56,-154,1,650.0,1,0,0,1.0,1.0,56.5,-153.5
53,-168,1,100.0,1,0,0,1.0,1.0,53.5,-167.5
52,-169,1,80.0,1,0,0,1.0,1.0,52.5,-168.5
55,-162,1,30.0,1,0,0,1.0,1.0,55.5,-161.5
52,-174,1,10.0,1,0,0,1.0,1.0,52.5,-173.5
59,-164,1,27.0,0,1,0,0.0,0.0,59.5,-163.5
59,-150,1,0.5,1,0,0,1.0,1.0,59.5,-149.5
59,-163,1,27.5,1,0,0,1.0,1.0,59.5,-162.5
59,-162,1,2.0,0,1,0,0.0,0.0,59.5,-161.5
63,-171,1,0.1,0,1,0,0.0,0.0,63.5,-170.5
59,-148,1,1.1,1,0,0,1.0,1.0,59.5,-147.5
60,-166,1,2.0,1,0,0,1.0,1.0,60.5,-165.5
54,-133,1,0.1,0,1,0,0.0,0.0,54.5,-132.5
51,-179,1,800.0,1,0,0,1.0,1.0,51.5,-178.5
49,-95,1,0.01,0,1,0,0.0,0.0,49.5,-94.5
49,-96,1,0.5,1,0,0,1.0,1.0,49.5,-95.5
49,-121,1,0.3,0,1,0,0.0,0.0,49.5,-120.5
49,-123,1,2.0,1,0,0,1.0,1.0,49.5,-122.5
57,-137,1,0.1,1,0,0,1.0,1.0,57.5,-136.5
58,-161,1,25.0,0,1,0,0.0,0.0,58.5,-160.5
31,-114,1,0.1,1,0,0,1.0,1.0,31.5,-113.5
57,-157,1,6.0,1,0,0,1.0,1.0,57.5,-156.5
57,-133,1,0.1,1,0,0,1.0,1.0,57.5,-132.5
68,-144,1,431.8,0,1,0,0.0,0.0,68.5,-143.5
68,-154,1,580.0,0,1,0,0.0,0.0,68.5,-153.5
68,-151,1,80.0,0,1,0,0.0,0.0,68.5,-150.5
70,-152,1,216.0,0,1,0,0.0,0.0,70.5,-151.5
70,-151,1,2311.0,0,1,0,0.0,0.0,70.5,-150.5
70,-150,1,0.1,1,0,0,1.0,1.0,70.5,-149.5
